user_id,item_id,relevance
846,34,3
124,52,3
414,6,3
725,2,3
172,15,3
288,17,4
435,16,3
686,28,4
113,85,4
888,72,3
122,10,3
222,114,3
631,10,3
39,73,3
497,28,3
233,19,3
530,97,3
149,68,3
661,67,3
638,42,4
302,12,3
360,18,3
238,23,4
647,84,4
663,6,4
736,98,4
203,42,4
256,66,3
598,30,3
662,9,3
235,91,4
860,40,4
797,88,2
781,113,3
770,29,4
541,100,3
213,50,3
436,95,3
283,49,4
562,73,3
607,61,3
407,46,4
88,46,4
44,17,4
461,66,4
278,104,5
683,5,4
421,103,4
701,54,4
696,16,3
515,81,3
703,118,4
630,91,3
19,7,3
23,116,4
30,72,3
807,87,4
108,96,3
367,107,3
128,82,4
229,38,2
136,76,4
186,92,4
656,119,4
129,50,4
876,56,4
515,116,2
900,8,3
104,110,4
483,19,3
224,51,3
832,72,4
874,98,4
866,57,4
491,68,3
473,31,3
10,102,3
302,83,3
231,43,2
731,29,4
112,12,4
13,46,3
393,30,3
500,94,4
598,82,3
234,88,4
602,32,3
314,73,4
566,47,4
12,88,3
14,26,4
633,3,4
418,23,3
437,75,3
377,74,3
20,50,2
587,36,4
755,13,4
70,38,2
824,117,3
101,90,3
698,84,3
132,5,4
623,20,4
381,78,3
132,109,4
20,14,3
536,8,4
227,48,3
154,13,2
805,24,4
469,115,4
822,65,4
871,86,3
202,114,4
38,51,3
772,104,3
188,3,3
57,119,3
20,90,3
273,78,4
119,58,4
516,72,4
221,113,4
515,119,3
728,120,3
741,80,3
336,42,2
698,21,3
500,57,4
900,25,3
888,56,4
766,38,4
536,86,4
162,113,4
594,112,4
159,47,3
188,54,4
60,46,3
817,68,5
319,4,5
878,94,4
664,43,2
109,62,3
76,100,3
542,85,4
314,85,3
117,112,3
868,85,4
704,4,4
19,65,4
685,90,3
350,115,4
183,2,4
113,9,3
183,119,4
481,57,3
146,45,3
831,18,2
628,112,4
113,48,4
763,42,3
476,41,4
763,75,3
825,90,4
118,58,3
813,100,4
161,42,3
401,35,3
198,38,3
260,67,4
660,41,4
47,50,3
559,72,3
124,45,4
75,71,3
871,19,4
602,106,3
400,17,4
837,65,3
505,109,3
500,93,4
573,77,4
771,93,4
619,41,4
625,42,4
862,6,4
254,69,4
630,98,3
849,73,3
877,102,3
563,40,4
426,9,3
547,8,4
302,44,4
581,58,3
349,104,3
832,67,3
49,13,3
74,19,3
704,98,4
356,49,4
582,80,2
602,100,3
260,82,4
638,78,3
743,30,3
641,77,3
792,91,4
612,53,3
809,81,4
182,31,3
686,15,4
188,7,4
569,18,4
596,75,4
664,96,3
548,114,4
725,91,2
408,90,4
876,101,3
618,45,4
414,28,3
342,50,4
220,2,4
163,84,4
220,68,3
270,77,4
848,112,3
400,102,4
182,104,3
618,48,3
729,45,3
582,93,3
556,58,3
841,36,3
813,2,4
696,18,2
619,49,4
596,8,3
850,58,3
250,15,4
533,23,3
196,66,3
690,70,4
70,27,3
639,37,4
672,64,4
760,34,3
203,18,4
148,64,4
472,106,4
655,74,4
426,44,4
666,17,3
492,59,4
888,13,4
165,42,3
314,91,4
21,64,4
82,117,3
581,66,4
131,34,4
599,95,2
730,87,3
305,71,3
857,64,4
853,33,3
384,12,4
425,76,3
161,19,4
178,9,3
629,74,4
708,17,3
490,104,2
598,41,4
289,10,3
593,12,3
664,79,2
573,95,3
573,15,3
354,28,3
28,4,4
43,36,3
681,119,4
598,108,3
177,98,4
529,47,4
610,81,4
198,38,4
610,44,2
842,97,3
853,85,3
22,36,4
112,69,3
57,97,4
842,53,3
144,37,3
880,2,4
435,117,3
637,69,3
679,90,4
86,41,3
588,51,3
344,117,4
294,47,4
611,69,4
704,66,3
243,59,3
831,68,3
561,59,3
277,117,3
154,13,3
383,108,2
878,90,4
884,15,3
655,57,5
376,10,4
213,104,3
726,79,3
628,77,5
782,21,3
381,85,4
680,22,4
58,110,3
796,97,3
881,91,2
447,40,4
760,22,3
254,30,4
899,62,3
44,73,3
554,35,3
227,82,3
774,42,3
679,5,4
436,27,3
791,70,3
601,62,3
379,32,3
178,8,3
427,120,2
709,103,3
307,85,3
504,78,4
268,15,4
586,106,4
8,26,4
508,53,3
476,44,3
297,32,4
164,103,4
485,28,4
597,39,3
72,107,4
567,32,3
559,77,3
238,79,4
104,18,4
554,70,3
468,11,4
268,104,3
386,20,4
848,40,3
387,8,3
877,115,4
259,35,3
283,69,3
220,111,3
129,24,3
613,18,4
688,12,4
619,16,4
613,4,4
260,89,4
366,34,4
758,92,2
787,46,3
649,77,4
524,31,4
814,25,3
887,103,3
16,74,3
129,24,3
575,65,4
109,117,3
887,25,3
533,28,4
269,82,4
162,6,4
260,66,4
102,67,4
506,110,3
247,48,4
640,83,3
837,70,4
131,67,4
196,65,4
793,44,3
666,94,4
645,46,3
227,19,3
701,118,4
476,64,4
477,83,3
265,73,4
372,71,3
434,101,3
646,50,3
572,41,4
377,117,4
395,7,4
876,89,5
457,49,3
725,76,4
728,6,4
226,82,3
131,104,3
588,21,4
476,15,4
798,67,3
277,66,3
156,56,4
760,119,3
218,105,4
190,104,3
417,68,3
675,32,3
692,66,4
41,29,5
307,66,3
338,34,4
314,27,4
75,60,3
279,118,3
176,39,4
662,102,4
273,82,4
837,36,4
620,19,3
651,91,3
862,45,4
783,84,4
859,21,3
289,23,3
724,94,4
893,89,3
272,95,4
483,98,3
156,19,3
47,41,4
201,28,3
660,64,4
124,68,3
1,95,3
759,80,3
855,51,2
640,74,3
191,102,3
516,10,3
442,109,3
815,73,3
806,39,4
143,100,3
191,115,4
533,100,4
227,19,3
629,19,4
302,76,3
654,62,4
460,13,4
401,25,4
551,100,3
393,89,4
867,92,4
764,42,3
845,117,4
207,39,3
115,5,4
737,81,3
646,18,3
407,21,3
443,86,4
603,103,3
354,50,3
888,6,4
558,50,4
612,115,3
501,1,4
840,57,4
702,30,3
547,58,3
542,52,4
846,37,4
507,48,5
596,87,4
881,1,3
424,46,4
856,67,3
270,2,4
154,56,4
614,101,3
727,17,4
662,92,3
622,97,4
899,79,3
426,22,4
275,105,4
713,27,3
284,55,2
173,101,4
718,60,4
63,109,4
763,28,4
636,28,4
375,120,4
633,74,4
508,84,3
787,25,3
398,85,4
120,78,4
437,86,4
829,117,3
286,75,3
265,119,4
320,71,3
673,17,4
376,82,4
820,7,4
89,56,4
654,64,4
203,20,5
739,75,3
222,58,3
41,16,4
708,51,3
776,27,3
873,75,3
637,16,3
622,87,4
598,60,4
127,40,3
255,67,3
695,2,4
16,102,4
477,48,4
62,52,4
881,24,3
268,110,3
35,98,3
562,82,3
469,2,3
767,65,2
661,20,3
325,34,3
304,41,4
869,112,4
684,75,3
201,91,3
35,44,4
728,62,3
480,12,4
65,30,3
8,95,4
301,87,3
343,65,3
424,20,3
332,118,3
438,6,3
588,75,3
174,99,4
559,4,4
527,93,3
873,10,4
820,38,4
605,1,3
533,102,3
819,81,3
788,63,3
505,33,3
179,109,3
132,31,4
823,21,3
455,3,3
348,66,4
540,35,3
772,41,3
76,16,4
854,45,3
492,115,3
194,59,3
162,50,4
769,92,4
262,84,4
722,21,3
573,60,4
262,54,2
730,39,3
283,105,3
648,49,3
467,106,3
380,64,2
93,71,3
621,7,3
753,72,3
867,62,2
424,90,4
291,24,4
749,112,3
852,76,3
824,47,4
701,9,3
49,3,3
302,54,4
881,21,3
190,95,4
136,48,4
555,47,3
404,88,3
865,84,4
602,63,4
807,16,3
341,74,3
704,90,4
318,93,3
618,5,3
363,11,3
822,29,3
233,79,3
777,70,4
344,48,4
549,15,4
817,107,4
553,84,3
529,34,3
856,60,4
789,62,4
819,2,4
183,80,2
41,19,3
551,98,4
704,78,3
333,96,4
127,37,3
558,74,3
557,49,4
1,109,4
168,48,4
620,73,3
19,88,3
332,100,3
456,29,3
109,60,3
268,29,3
301,23,3
602,27,3
103,95,3
250,107,4
453,7,3
153,54,3
859,109,3
174,68,4
343,78,4
727,74,3
687,44,4
852,98,3
850,26,3
673,101,3
639,8,3
420,53,3
594,14,3
485,71,4
751,9,3
412,3,4
84,78,4
113,17,4
737,114,4
332,44,3
378,86,4
755,46,4
655,90,4
41,58,3
770,28,4
797,109,3
105,14,3
202,9,2
819,26,4
843,2,4
563,34,5
118,19,3
713,39,3
377,82,4
551,13,3
540,5,3
771,50,4
84,23,3
667,88,4
629,29,4
605,111,3
678,72,3
387,26,3
350,79,2
296,57,4
258,1,3
81,28,3
268,113,4
419,62,3
235,47,4
311,78,4
813,106,4
357,98,3
213,59,4
574,31,4
49,70,4
127,49,4
223,5,4
279,31,3
408,37,3
505,79,3
294,15,4
796,52,3
277,107,3
438,69,3
107,92,3
420,11,3
611,43,4
375,23,3
634,63,4
30,2,3
188,79,3
866,86,3
800,73,3
451,47,3
195,104,4
156,30,3
172,16,3
847,59,3
41,110,4
63,47,3
23,116,4
360,30,3
75,109,3
560,9,3
672,65,3
825,59,4
118,102,3
612,64,3
380,8,3
679,52,3
290,18,3
440,91,4
668,82,3
7,96,4
196,58,3
421,49,3
568,32,3
559,45,3
148,54,3
787,100,4
202,85,4
444,46,4
419,96,3
427,31,2
479,37,3
475,16,4
126,46,4
395,46,4
817,78,4
881,88,2
806,89,4
325,46,4
392,51,3
688,62,3
628,35,4
440,81,3
204,110,3
388,68,4
625,75,4
877,47,3
434,79,4
837,30,3
376,24,4
344,66,3
443,43,4
75,23,3
557,61,3
772,95,2
666,37,4
155,13,4
430,97,4
363,71,3
234,7,3
563,42,4
818,38,3
262,52,3
125,64,3
245,13,4
542,88,3
485,28,4
122,96,4
125,107,3
549,82,2
170,98,3
124,112,4
869,98,4
35,115,3
646,1,3
708,43,3
786,114,3
201,42,2
369,95,4
797,50,3
59,1,4
638,16,3
500,39,4
109,15,3
736,33,3
278,87,3
69,105,3
165,98,3
489,17,3
305,89,4
365,106,4
854,6,4
379,69,4
343,104,2
899,40,3
554,30,3
354,69,3
416,76,4
109,7,4
563,109,4
762,13,4
497,113,3
341,4,3
383,50,3
533,106,3
139,12,3
359,65,4
836,27,4
499,107,3
385,50,4
280,17,3
637,72,3
483,32,2
866,51,4
139,17,3
435,34,3
509,35,3
273,99,3
99,102,3
764,106,3
850,24,3
104,54,3
761,50,3
664,46,3
762,48,4
787,103,3
165,33,4
853,113,3
284,89,4
657,27,4
613,1,3
164,85,3
91,95,3
117,108,3
866,25,3
267,84,4
822,57,4
685,66,3
559,119,4
246,15,4
661,28,4
758,13,4
395,114,4
476,118,4
184,114,3
20,66,3
558,34,4
524,99,4
582,101,2
529,25,3
883,112,2
147,54,3
666,79,4
304,12,4
620,9,3
748,31,3
820,78,4
864,93,3
582,53,3
695,112,3
762,43,3
102,42,4
587,72,3
417,48,3
407,66,4
715,83,3
704,94,3
761,105,3
499,16,3
754,31,3
691,58,3
731,28,4
82,4,3
687,51,4
751,109,4
772,18,3
365,47,3
163,32,3
48,30,3
511,36,3
840,36,5
116,29,4
849,16,4
337,92,3
881,21,3
737,64,3
864,111,3
840,120,3
147,66,4
575,59,3
806,110,2
323,99,3
443,118,4
837,28,4
13,55,3
701,31,4
287,33,3
720,87,3
114,60,4
480,41,4
22,81,3
349,46,3
726,49,3
683,65,3
566,23,3
320,27,3
126,89,2
277,32,2
204,83,3
194,88,3
681,3,4
664,60,3
547,76,3
696,99,3
286,79,3
57,17,3
734,114,3
163,7,3
19,83,3
370,71,3
264,69,4
794,58,4
113,40,3
542,48,4
647,51,4
65,111,3
25,37,3
549,87,3
1,75,3
549,74,3
141,85,4
648,41,3
188,97,4
128,20,4
201,33,4
127,40,3
257,99,4
547,62,4
194,100,3
703,91,4
104,19,4
535,43,2
265,69,4
384,93,4
260,120,3
414,10,3
358,120,3
75,119,3
355,104,3
771,93,4
188,5,4
685,58,3
290,59,3
573,59,3
123,86,4
358,104,3
528,15,3
657,1,3
375,118,4
162,38,3
380,109,3
656,53,3
358,52,3
188,1,3
474,107,3
13,40,3
184,86,4
508,60,2
290,115,3
451,6,4
215,28,3
894,119,4
567,8,3
27,5,4
630,106,3
733,54,2
231,112,3
565,108,3
807,17,4
321,38,3
233,9,3
437,84,4
781,78,3
533,14,3
403,26,3
53,93,4
787,113,3
726,25,3
337,36,3
183,98,2
23,80,4
446,3,4
74,87,4
10,11,3
484,112,3
456,58,3
566,64,3
564,18,3
660,47,3
160,105,3
882,44,4
14,93,3
178,59,4
412,50,3
878,69,3
53,88,3
408,29,4
847,93,3
22,90,4
30,104,5
703,67,3
260,2,4
59,19,3
471,40,3
776,2,3
12,65,4
631,62,3
290,91,3
850,54,4
760,45,3
354,119,4
639,116,4
75,49,3
873,99,4
716,105,4
561,69,3
241,17,3
861,53,3
154,85,4
786,53,3
96,112,3
726,31,3
294,112,4
343,11,3
88,34,4
818,113,3
776,15,4
390,114,4
325,10,4
889,102,4
832,96,3
157,53,3
668,48,4
651,31,3
633,37,4
619,28,4
428,87,3
452,16,3
612,25,3
850,39,3
819,66,4
141,38,3
177,103,3
198,98,3
624,115,3
568,40,4
691,107,3
421,64,3
401,89,3
698,100,4
471,16,4
218,82,4
729,59,3
23,98,4
725,11,3
235,1,4
13,13,3
101,30,3
536,69,4
876,18,4
785,13,3
452,32,3
793,72,4
606,50,4
713,71,2
533,116,3
852,113,4
723,80,3
652,107,4
293,31,3
101,27,3
502,60,4
304,33,3
871,53,4
540,93,4
553,72,4
355,33,3
496,19,4
768,41,4
227,85,3
873,42,3
455,23,2
13,75,3
741,20,3
100,90,4
528,12,3
649,32,4
459,68,4
822,15,3
100,51,4
621,6,3
855,91,3
173,69,3
749,69,4
162,82,4
728,92,3
776,35,3
263,86,5
804,34,2
274,63,3
3,68,3
28,18,4
326,105,5
149,115,3
540,26,4
822,86,3
438,111,3
65,97,4
356,61,4
533,107,3
252,78,4
235,95,4
227,74,3
525,115,4
49,85,3
118,48,4
54,72,3
565,31,4
44,34,4
815,87,4
53,89,3
586,7,3
558,83,3
525,7,3
677,47,4
102,8,3
792,78,3
770,1,3
849,77,4
868,3,4
398,53,4
675,38,3
387,51,2
614,100,3
17,117,3
182,64,4
884,68,3
536,5,4
541,114,3
171,90,3
409,89,5
378,8,4
188,12,4
230,118,3
852,67,4
119,91,4
156,50,3
687,40,4
104,78,3
698,87,3
502,77,3
693,76,3
682,99,4
699,18,3
734,109,4
421,1,2
134,38,4
736,42,4
501,111,4
33,23,3
756,71,3
825,31,4
638,88,3
12,26,3
528,30,3
720,34,3
555,46,4
373,102,3
484,69,4
647,5,4
623,83,3
307,115,3
457,38,2
160,28,3
331,26,4
776,61,3
225,106,3
729,23,3
504,46,4
456,113,4
59,92,4
644,33,5
195,3,3
489,69,3
157,83,3
610,42,3
226,62,3
412,58,3
124,1,3
471,102,4
218,73,3
516,60,3
602,69,4
104,59,3
393,46,4
631,106,4
645,34,3
824,101,3
608,97,3
434,25,3
331,42,4
143,29,3
800,25,3
540,54,3
278,73,3
233,67,4
529,15,3
90,109,3
492,38,3
25,62,2
394,111,3
507,8,5
301,37,3
267,45,3
461,97,4
693,33,4
456,7,3
360,22,3
863,110,4
412,15,3
491,21,3
49,17,3
687,56,4
564,50,3
102,7,3
438,50,3
700,60,4
569,83,3
559,116,3
159,7,3
489,40,4
686,45,3
242,59,3
794,114,3
753,88,3
882,75,3
5,105,3
596,55,4
820,64,4
459,54,4
566,40,4
673,53,3
422,44,3
738,63,3
15,2,4
736,79,3
573,21,4
122,88,3
277,50,2
558,81,3
453,111,3
390,52,3
294,116,4
574,9,3
598,99,4
446,20,4
714,84,4
302,30,3
223,104,3
734,65,3
3,24,3
518,88,5
93,47,3
428,94,4
493,90,4
235,106,3
620,44,3
161,102,4
721,29,3
331,68,4
333,109,3
863,5,4
668,92,3
492,88,3
582,81,3
681,50,3
272,103,5
580,112,4
867,40,4
252,108,4
560,46,4
696,51,3
832,11,3
699,12,4
90,13,4
446,64,4
332,8,3
139,65,3
357,9,4
601,92,3
274,2,5
19,78,4
311,13,3
870,112,3
154,68,3
390,76,3
260,48,4
620,74,4
883,3,3
797,68,3
125,87,3
354,5,3
273,114,4
619,3,4
811,10,3
245,43,3
848,19,3
247,21,4
141,28,4
8,36,3
478,24,3
352,54,4
606,17,4
427,83,3
39,45,4
593,118,3
187,74,3
596,61,3
600,11,3
754,61,2
854,38,4
93,66,3
86,33,3
44,43,4
421,112,3
74,35,4
548,37,4
613,47,3
512,111,4
156,100,3
255,23,3
171,36,3
728,40,3
170,103,3
764,90,4
872,89,3
567,15,3
456,37,3
603,109,3
613,22,4
155,81,3
889,22,3
349,81,4
451,78,4
876,78,5
173,72,3
10,98,3
265,109,4
438,94,3
760,86,3
247,80,3
667,94,3
499,38,3
129,118,3
672,24,4
601,100,3
605,99,3
753,68,4
404,6,4
629,26,3
606,101,4
675,91,4
611,41,3
625,75,3
359,38,4
603,80,3
718,43,3
17,53,4
274,15,4
685,90,4
116,56,4
861,105,4
693,56,4
91,31,3
82,83,3
114,51,3
769,24,4
58,58,3
154,73,3
877,87,3
404,4,3
628,10,4
855,63,3
715,15,3
41,115,3
105,98,3
890,106,4
401,19,4
278,113,5
354,63,4
749,116,3
733,56,3
580,21,4
709,34,4
256,115,3
651,17,4
824,18,2
661,81,3
99,66,3
588,51,3
282,65,3
883,43,3
403,57,4
109,10,3
700,37,3
154,56,3
552,119,4
645,76,4
462,31,3
132,55,3
791,38,3
874,115,3
84,73,3
754,90,4
628,15,4
109,16,3
221,77,4
553,89,4
147,53,3
112,56,4
615,7,4
558,57,3
505,52,3
475,4,4
836,43,3
890,40,3
271,102,3
421,30,4
897,10,3
707,94,4
367,103,3
280,7,3
283,36,3
189,88,4
164,39,3
536,36,4
536,109,4
4,20,3
290,96,3
433,59,3
471,103,3
181,49,4
628,26,4
279,36,4
877,43,3
581,99,4
863,43,4
254,99,5
181,76,2
681,100,4
825,78,3
509,97,3
761,110,3
700,45,4
566,45,4
326,88,4
357,15,4
825,95,3
680,12,3
615,23,3
317,78,3
515,114,3
384,68,4
691,110,3
342,51,3
815,13,3
38,55,3
511,82,4
420,107,3
751,28,5
343,105,4
826,44,4
306,19,3
542,46,3
702,111,3
869,107,4
112,110,3
411,3,3
206,83,3
185,20,4
496,75,4
379,56,3
47,81,3
551,55,4
528,35,2
504,78,4
22,59,3
213,39,2
661,83,3
753,67,3
272,34,4
799,41,3
202,22,4
443,120,4
162,27,4
767,21,4
254,41,4
521,31,2
651,27,3
480,37,4
10,66,3
726,54,3
505,111,3
785,9,3
836,83,3
560,42,3
436,36,3
153,59,3
635,40,3
869,54,4
102,109,4
753,39,3
191,4,3
729,15,4
563,76,5
804,48,3
81,6,4
489,73,3
88,72,3
194,71,3
104,68,4
783,58,3
96,77,4
891,62,3
198,71,4
1,10,4
407,25,3
378,44,4
167,99,5
509,58,3
638,25,4
593,120,2
418,76,3
763,115,4
681,111,4
477,40,3
141,116,3
582,70,4
262,10,3
340,66,3
308,120,3
245,109,3
515,25,3
337,71,3
575,104,4
561,87,3
76,112,4
880,11,4
109,49,3
183,48,3
192,115,3
65,87,3
849,107,3
474,7,4
783,91,4
100,77,4
864,17,3
128,32,3
452,26,3
369,22,4
851,13,4
43,12,4
884,71,3
419,1,3
826,119,4
270,111,4
701,43,4
759,120,4
900,58,3
728,41,4
851,68,4
889,116,3
168,115,4
453,41,4
283,45,2
336,88,3
390,98,3
525,98,2
832,79,2
483,81,3
716,71,3
592,9,2
891,108,2
555,63,4
458,99,4
89,23,4
660,54,4
95,47,3
452,39,4
428,87,4
151,26,4
376,14,3
22,96,4
883,115,3
840,74,4
206,69,4
375,67,4
451,49,5
595,53,4
179,91,4
500,118,4
464,57,4
840,86,4
124,18,3
113,16,4
12,2,4
126,111,4
565,13,4
331,45,4
283,80,3
401,43,3
569,74,3
846,119,4
69,97,3
118,31,3
888,76,4
59,9,3
33,101,2
318,73,3
880,18,3
489,94,2
19,96,4
726,104,3
891,11,3
559,84,4
679,19,4
452,100,4
289,116,3
141,90,4
84,74,3
215,46,3
215,98,4
403,29,4
128,36,3
822,71,4
477,115,4
760,94,2
404,17,4
29,48,3
792,77,4
338,120,4
831,24,3
714,54,3
569,95,3
392,91,3
218,114,5
574,85,3
202,119,4
17,1,3
518,67,5
570,6,5
325,78,3
412,55,4
318,38,4
681,33,3
82,116,3
474,102,3
468,8,3
425,90,4
731,79,3
204,112,4
387,55,3
803,97,4
208,100,4
636,10,3
792,52,4
586,50,4
22,36,3
154,111,3
439,61,4
230,71,3
20,47,4
553,86,3
148,32,4
108,43,3
403,83,2
596,40,3
483,120,1
367,65,3
834,35,4
414,69,3
309,50,3
134,85,4
719,58,3
283,83,3
481,107,3
352,49,4
560,112,3
326,36,4
443,54,4
100,47,3
59,115,3
508,32,2
258,99,3
452,53,3
65,119,3
595,32,3
154,62,3
662,101,3
560,103,3
891,38,3
868,32,3
610,109,3
414,66,3
25,51,3
284,11,3
881,20,2
301,37,3
7,102,3
817,49,4
164,55,3
897,7,4
420,111,4
237,88,4
46,48,4
618,105,3
800,7,4
262,11,3
176,73,3
657,30,3
842,41,3
370,3,3
54,40,3
690,51,2
419,84,4
756,32,3
507,48,4
341,71,4
127,71,4
409,20,4
367,89,3
271,109,3
644,35,3
605,108,3
379,24,3
860,52,4
785,112,3
43,39,3
377,68,3
41,61,3
170,76,4
493,65,3
680,62,3
39,81,4
369,2,3
151,108,4
480,117,3
436,43,3
47,82,4
575,40,4
737,89,3
366,39,3
69,28,3
296,63,4
203,64,4
314,116,4
161,29,3
331,23,4
528,85,4
338,80,4
606,117,3
304,51,3
503,112,4
338,45,4
639,101,2
275,22,4
164,115,4
443,10,4
319,7,4
504,89,5
686,110,3
387,15,4
870,77,4
888,46,4
603,90,3
750,85,4
776,87,4
691,61,3
490,92,3
721,61,3
509,38,4
390,12,4
619,88,4
857,77,3
369,112,4
796,66,3
865,54,3
549,76,3
649,39,4
850,115,3
568,78,3
187,30,3
853,105,3
770,114,3
570,48,5
363,83,3
123,31,3
188,107,3
680,107,4
420,25,3
252,114,4
619,51,4
549,13,3
335,100,3
92,63,3
530,42,3
866,54,4
63,101,3
662,67,4
512,80,2
139,90,3
698,104,4
185,56,4
772,19,3
256,15,4
135,32,3
573,49,4
822,65,4
88,70,4
836,27,3
207,23,4
129,47,3
823,95,3
3,12,3
754,85,3
385,66,3
614,5,4
38,9,3
341,20,3
645,110,3
714,82,3
860,63,4
21,86,3
242,72,3
455,98,3
621,73,3
596,30,2
595,82,4
803,91,3
69,16,3
129,85,4
196,5,3
444,29,4
283,47,3
312,101,3
535,22,3
277,57,3
319,35,4
890,88,3
52,106,4
856,60,4
153,70,4
749,60,3
311,58,3
814,3,3
567,45,4
864,50,3
389,2,4
548,15,4
622,37,3
177,15,4
314,96,4
807,85,4
848,64,4
881,98,2
213,96,4
829,114,3
109,23,3
547,99,4
39,37,3
662,107,4
425,41,4
630,101,3
426,97,4
76,37,3
471,40,3
414,85,4
825,46,4
726,112,4
457,102,2
285,104,2
239,98,3
677,19,3
599,91,2
672,69,4
558,5,4
372,89,4
624,19,4
401,100,4
247,48,3
597,16,3
485,18,4
646,56,4
620,21,3
18,31,4
606,1,4
662,3,4
758,95,3
289,25,3
414,117,4
721,8,3
638,65,3
235,62,4
416,7,3
499,7,3
634,8,3
115,17,3
713,111,3
234,105,5
540,49,3
11,11,3
206,102,4
679,41,4
247,62,3
559,114,4
758,52,4
127,66,3
147,68,3
118,114,4
412,97,4
664,75,3
363,40,3
509,5,3
289,22,4
481,118,2
19,37,4
195,11,3
330,44,3
354,53,3
499,77,3
141,118,4
758,116,3
897,61,4
93,67,4
239,13,4
560,118,4
433,11,3
245,11,3
832,85,3
317,116,3
640,7,3
856,17,4
282,48,5
17,14,4
269,64,4
325,97,3
794,75,3
305,77,3
451,65,3
7,34,3
314,9,3
817,77,4
103,37,4
753,45,3
574,101,3
529,47,3
171,7,4
765,6,4
387,34,3
207,80,2
541,115,3
629,101,3
416,100,3
794,46,3
380,59,3
144,70,3
25,8,3
822,24,4
668,67,3
824,1,3
93,109,3
505,9,3
598,63,4
336,76,4
425,10,4
499,10,4
630,44,3
718,87,4
783,120,3
899,106,3
139,95,2
693,111,3
542,58,3
57,105,3
435,56,4
384,98,3
560,82,4
194,12,4
736,35,3
648,71,3
518,104,5
716,89,3
751,6,4
185,65,3
872,110,3
335,60,4
116,68,5
825,29,4
49,38,3
685,111,4
82,92,3
834,22,3
333,8,3
557,63,3
335,96,4
221,13,4
635,27,4
733,18,3
323,77,2
851,86,4
3,62,3
206,11,4
832,103,4
59,117,3
574,86,4
644,100,3
507,17,3
572,51,4
884,96,3
843,14,4
122,106,4
479,57,3
619,93,4
96,6,4
859,114,3
414,57,3
235,4,4
62,109,3
256,104,3
561,74,3
348,119,4
671,92,3
124,11,3
317,79,3
504,8,4
719,84,3
48,114,4
409,59,4
136,21,3
201,65,3
250,93,4
314,24,3
869,30,3
807,84,4
480,57,3
314,80,5
500,73,3
721,95,3
355,17,3
485,59,4
704,64,4
44,48,5
541,23,4
92,55,3
265,7,3
220,112,3
442,104,3
401,106,3
400,110,4
727,75,3
899,98,3
789,12,4
804,52,3
490,109,3
485,111,3
470,12,4
574,13,4
682,80,3
269,29,4
267,35,4
54,60,4
528,29,3
59,76,4
825,115,4
237,2,4
386,33,3
606,72,3
734,62,3
716,105,4
395,117,3
207,49,4
336,105,3
593,32,2
730,38,3
178,79,4
396,87,3
791,85,3
318,76,3
736,13,4
369,39,4
384,23,4
62,114,3
806,110,2
505,107,3
239,92,3
195,14,3
678,17,4
222,24,3
129,58,3
685,63,3
156,34,4
378,51,3
622,112,4
781,86,3
868,10,4
586,72,3
437,21,4
207,37,3
388,7,3
480,90,4
791,13,3
887,80,3
340,31,3
869,5,4
340,32,2
204,16,3
161,111,3
540,73,3
392,22,3
769,64,4
677,119,3
575,44,3
70,109,3
893,37,4
608,16,4
675,43,3
120,15,4
814,120,3
690,44,3
688,90,3
217,9,3
56,65,3
366,99,4
699,44,3
504,20,4
767,119,3
455,70,3
104,106,4
230,112,4
258,33,4
264,80,3
331,100,3
182,6,3
893,83,3
768,31,3
688,18,3
27,106,4
652,68,4
799,111,3
91,106,3
480,114,4
573,80,4
458,45,4
451,58,3
365,47,4
859,66,4
675,52,4
351,36,2
655,1,4
400,39,4
253,87,3
781,90,4
881,75,2
803,106,3
459,1,4
699,75,3
499,88,3
508,74,3
304,14,4
501,78,4
803,71,3
598,23,3
415,22,3
462,60,3
114,100,3
433,27,3
356,56,4
695,2,4
207,39,3
768,51,3
235,110,4
442,19,4
355,62,3
515,71,3
208,76,4
709,67,4
853,63,4
125,111,3
573,100,3
541,71,4
383,7,3
19,50,3
683,46,4
74,72,3
573,76,3
48,73,4
855,94,3
651,69,4
622,65,3
695,65,3
540,57,4
709,62,4
191,20,3
563,75,4
661,26,3
562,67,3
900,70,3
758,62,4
113,107,4
170,45,4
468,11,3
678,72,4
14,93,4
715,74,3
288,34,3
189,88,4
155,46,3
567,112,3
722,32,4
888,75,4
471,98,3
75,88,3
277,119,3
645,5,3
343,63,3
425,29,4
511,112,4
857,98,3
182,16,4
458,25,3
851,101,3
839,52,3
260,46,4
655,106,3
726,67,4
754,94,3
721,114,3
93,117,3
430,34,4
654,32,3
434,117,3
404,29,3
434,9,3
112,66,4
375,57,3
59,39,4
43,7,4
207,110,4
296,8,3
118,96,4
222,118,3
643,102,3
156,110,3
184,82,3
90,49,4
94,105,4
13,109,4
834,16,4
805,21,4
834,106,4
804,4,2
438,44,3
538,8,3
587,111,3
876,117,3
811,55,3
150,19,4
660,111,3
8,64,3
29,40,4
296,104,2
721,51,3
640,9,2
340,30,3
628,56,4
439,81,3
144,104,4
747,59,3
239,70,4
155,61,3
181,80,3
215,90,4
88,101,3
256,23,4
511,77,3
179,17,4
805,54,3
234,91,5
751,22,4
223,101,3
631,83,3
825,39,3
264,99,4
207,13,4
607,78,3
885,112,4
734,95,3
366,109,4
380,110,2
743,52,3
309,103,3
631,101,3
268,14,4
785,73,3
350,71,3
570,2,4
763,59,4
358,77,4
728,82,4
564,3,3
783,115,3
485,37,4
84,97,4
899,105,3
805,24,4
638,72,3
296,33,3
56,86,4
360,77,4
192,81,4
93,62,4
862,43,4
568,69,3
60,59,3
39,77,5
540,60,4
49,63,4
420,52,4
637,23,3
13,30,3
36,43,4
101,119,4
794,68,3
86,21,3
516,43,2
223,73,4
338,7,4
383,23,2
856,58,2
376,31,4
471,69,4
642,115,4
375,59,3
11,112,4
302,28,3
96,18,3
190,88,3
453,77,4
192,97,3
424,37,3
128,96,4
238,45,3
355,86,3
112,16,4
446,116,3
343,118,3
145,14,4
65,11,4
247,83,3
490,34,4
825,60,3
439,104,4
106,13,4
181,39,2
184,44,4
226,28,3
777,40,3
89,50,3
688,115,4
530,28,3
106,60,4
271,12,3
831,16,3
503,53,4
679,54,3
525,49,3
849,36,3
393,84,4
660,56,4
218,120,4
731,90,3
82,22,3
845,120,3
720,73,3
201,69,3
447,81,4
428,98,4
38,2,4
444,119,3
761,100,3
227,77,3
48,20,4
18,94,4
439,30,3
807,75,4
708,95,4
187,67,4
224,66,3
877,56,3
849,79,3
229,17,3
390,112,3
188,7,3
270,5,4
607,98,2
132,54,3
551,61,4
72,109,4
793,16,4
845,101,3
672,67,3
187,59,3
191,48,3
422,107,3
120,115,3
220,64,2
53,50,4
734,85,4
451,41,5
412,72,3
643,22,4
237,115,3
758,54,4
738,5,4
720,17,3
608,78,4
422,103,3
247,92,3
72,95,3
185,35,3
206,22,4
611,48,4
387,53,3
768,93,4
699,10,3
76,18,4
177,99,3
799,80,3
349,114,3
255,49,3
837,71,4
702,30,3
308,19,3
127,60,4
287,87,4
766,72,3
725,81,4
762,21,4
596,26,3
383,39,3
388,40,3
525,83,4
557,29,4
639,20,3
500,12,4
717,120,3
337,97,3
481,120,3
897,25,3
273,25,3
58,117,4
328,4,4
731,4,4
109,9,3
279,15,4
686,120,3
328,26,4
776,79,2
474,92,3
699,32,3
781,76,3
229,99,3
497,52,2
156,32,4
473,9,3
701,78,4
272,13,5
887,56,4
2,44,4
758,97,4
722,96,3
511,83,3
286,30,3
871,16,3
13,12,3
608,74,4
498,66,4
733,18,3
238,13,3
94,93,4
338,24,3
781,102,3
171,12,3
606,60,3
661,60,3
624,93,3
567,86,3
849,100,3
467,1,3
628,43,4
143,55,3
201,40,3
180,64,3
714,34,4
479,48,3
565,33,5
471,68,4
384,102,3
692,30,3
417,117,3
825,116,2
308,110,3
649,84,4
367,79,3
1,71,3
44,71,4
739,114,4
843,29,4
720,34,3
265,84,4
800,15,3
783,97,3
481,17,3
237,64,4
72,84,4
667,61,3
190,57,4
268,77,4
321,108,2
107,88,3
42,111,4
702,120,3
883,37,3
139,7,3
615,8,3
683,87,4
863,78,4
273,68,4
481,21,3
416,61,3
506,110,4
733,74,3
725,86,3
853,94,2
424,94,4
407,80,3
568,75,3
390,86,4
342,29,4
614,25,3
493,58,4
192,14,4
499,78,3
822,66,4
233,77,4
227,67,4
139,18,3
856,54,3
817,100,3
149,21,3
115,53,3
63,16,3
104,28,4
851,4,3
871,115,4
668,55,4
273,15,4
147,65,3
184,112,3
28,111,3
119,118,4
293,20,3
244,33,3
580,81,4
726,69,4
218,69,4
177,58,3
58,108,3
269,36,4
308,94,3
570,68,5
288,87,3
105,21,3
247,85,4
700,6,3
186,53,4
252,95,4
355,83,3
750,102,3
872,76,3
696,78,3
796,50,3
897,12,3
816,120,4
609,83,3
447,92,3
460,40,4
472,41,3
720,69,3
370,69,4
900,6,3
492,87,4
367,101,3
184,33,3
588,43,3
287,21,3
472,84,4
375,65,3
654,103,3
749,111,3
511,93,4
250,90,4
510,28,3
630,98,4
282,13,5
360,108,3
10,101,3
152,25,3
5,111,3
195,62,3
283,23,4
464,86,4
113,21,4
271,54,2
163,63,4
460,30,4
105,75,4
693,68,4
556,97,4
282,111,3
687,76,4
162,73,3
351,32,3
434,75,4
852,101,3
471,7,2
132,72,3
688,89,3
183,1,3
129,104,4
246,28,4
601,43,2
578,97,4
899,1,3
378,38,3
149,117,3
852,91,4
433,102,2
628,35,4
726,74,3
469,76,4
446,74,4
481,54,3
884,98,2
294,24,4
765,28,4
143,22,4
250,109,4
878,16,4
302,13,3
25,100,4
789,100,3
889,62,4
890,43,3
70,87,3
625,78,4
112,67,4
471,86,4
91,57,3
530,65,3
661,69,4
739,49,3
726,33,4
872,115,3
663,19,4
192,36,4
552,115,4
242,70,4
180,120,3
503,24,3
203,27,4
573,49,4
192,75,4
5,113,3
890,23,4
237,33,5
693,41,4
311,110,4
549,111,3
56,56,4
443,29,4
237,31,4
870,65,3
861,98,4
585,82,4
360,111,3
700,42,3
819,94,4
30,68,4
108,10,3
602,69,4
717,9,3
891,69,3
893,11,3
438,99,2
890,68,3
606,74,3
457,103,4
615,97,4
698,8,3
696,49,3
247,33,3
564,107,3
857,19,4
588,2,3
897,55,3
439,11,4
278,99,4
552,17,4
613,42,4
385,3,3
761,35,3
191,85,3
490,89,3
426,66,4
335,7,3
22,43,3
678,119,4
611,6,4
208,55,3
8,100,4
702,115,4
687,21,4
785,51,3
529,46,4
602,35,3
657,8,3
849,68,3
496,107,4
774,71,3
163,64,4
366,2,3
239,58,3
72,1,4
655,115,3
822,7,3
509,88,3
269,85,4
753,92,3
415,18,3
245,88,3
675,32,3
60,45,3
709,74,3
570,73,3
817,49,4
407,33,4
217,97,4
815,68,3
5,28,3
390,53,4
754,110,4
146,55,3
388,10,3
785,14,4
249,103,5
462,34,3
13,88,3
384,18,3
556,16,5
887,105,3
19,41,4
575,25,3
491,8,2
751,88,4
419,84,4
337,112,4
419,94,4
612,84,3
675,18,3
122,68,3
44,100,3
872,70,3
317,67,3
381,18,4
145,111,3
363,18,3
65,23,4
355,35,4
800,6,3
164,118,3
141,26,4
826,85,3
128,61,3
398,88,3
880,15,3
751,32,4
836,12,4
187,64,3
720,71,3
190,27,4
388,79,3
284,35,3
864,26,3
237,23,5
194,13,3
287,90,4
771,3,4
758,29,4
136,66,4
792,64,4
783,28,4
171,87,3
159,36,4
201,113,3
557,11,3
776,38,3
504,34,4
876,81,3
103,108,3
125,46,2
798,86,4
458,29,4
230,60,4
882,93,4
885,74,3
733,74,3
572,9,3
610,85,3
171,77,3
173,102,4
663,75,3
453,68,4
350,58,3
634,110,3
620,113,4
4,52,4
93,34,4
288,35,3
618,103,4
146,103,3
783,33,4
424,72,3
890,32,3
608,55,4
457,97,3
741,8,3
202,46,3
624,8,3
376,115,3
891,106,3
447,71,4
106,54,3
651,21,4
811,111,3
401,96,4
96,75,3
388,14,4
452,75,2
849,2,4
809,98,3
416,61,3
726,108,3
504,111,4
291,78,4
150,91,4
880,8,3
759,56,4
763,69,4
515,12,4
393,38,3
316,18,3
76,26,4
599,95,3
270,37,3
225,70,4
530,41,3
113,79,3
233,113,3
841,90,4
791,115,4
714,76,3
125,47,3
69,1,3
47,17,4
884,97,3
256,55,3
727,93,4
30,53,4
237,109,4
25,30,3
586,77,4
718,80,2
490,66,4
314,18,4
606,99,4
375,45,3
639,19,4
25,77,3
355,68,4
116,83,3
48,50,4
738,25,3
99,115,4
459,95,4
597,68,3
685,63,3
503,7,3
721,119,3
894,80,4
258,48,3
54,36,3
331,96,5
241,25,3
755,45,3
530,92,4
483,19,3
187,7,3
656,58,3
262,105,3
491,66,3
239,39,2
304,18,3
298,103,3
76,1,4
700,63,3
333,3,4
900,21,3
758,30,3
642,11,3
474,22,3
283,57,4
72,3,3
263,30,3
703,88,4
879,45,3
887,36,3
575,87,3
12,72,4
141,64,4
766,54,3
555,68,4
17,50,4
63,103,3
253,107,4
376,29,4
804,59,2
837,77,4
90,105,5
720,73,4
804,119,4
796,85,3
630,115,3
861,67,4
76,89,5
613,76,3
663,93,4
400,11,4
782,116,3
180,113,3
124,26,3
381,53,4
293,14,4
797,64,3
195,80,2
436,31,3
787,95,2
461,36,3
618,10,3
21,26,3
165,44,3
27,62,3
311,73,3
285,79,4
660,9,4
831,24,3
164,12,3
224,84,4
146,78,4
868,86,3
30,16,4
787,32,3
471,83,3
427,43,2
221,53,3
868,20,4
692,104,2
367,84,4
841,8,4
743,99,3
582,77,3
116,105,5
239,70,4
335,111,3
148,69,4
9,53,3
288,45,3
388,51,3
850,6,4
855,79,3
638,15,4
587,14,4
677,39,3
278,63,3
836,5,4
649,107,4
618,111,2
607,52,3
135,16,4
580,99,5
147,38,2
490,53,3
478,87,4
159,77,3
384,97,4
163,93,3
853,46,3
189,98,4
415,98,3
607,15,4
181,59,3
288,50,4
834,9,3
187,26,3
884,3,2
130,47,4
194,5,4
316,62,4
785,84,3
864,84,3
144,5,4
16,10,4
302,80,4
245,25,4
107,44,3
88,25,4
129,30,3
887,14,3
341,86,4
4,43,3
410,94,2
879,19,3
306,102,3
607,42,3
721,20,4
225,99,3
348,86,4
321,79,3
559,11,3
181,54,3
618,98,2
711,24,3
386,70,3
618,17,3
792,28,4
772,50,3
108,95,3
531,100,3
410,55,2
296,73,3
818,10,3
171,21,3
331,58,3
493,34,4
195,95,2
12,93,4
195,107,3
490,43,3
881,33,3
182,58,3
817,46,3
656,61,4
316,1,3
30,62,4
596,64,4
678,87,3
796,73,3
793,56,4
96,1,3
381,21,4
444,54,4
298,4,3
737,51,3
845,74,3
374,15,4
554,116,3
421,29,3
246,52,4
720,46,4
237,69,4
185,111,3
468,47,3
754,91,3
363,25,4
283,80,2
553,16,3
336,100,4
162,89,2
160,41,3
474,65,3
601,69,4
12,20,4
424,69,4
588,93,3
201,98,3
522,58,3
864,48,3
505,82,4
738,2,4
688,80,3
788,29,3
39,97,4
60,16,3
578,35,3
321,111,3
435,62,3
636,107,3
408,81,2
386,4,4
671,113,3
569,68,4
194,89,3
285,33,3
527,78,4
524,24,4
613,75,3
156,25,3
340,28,3
125,7,4
871,113,4
280,36,2
622,10,3
846,113,4
869,36,3
728,83,3
128,113,4
314,6,5
332,92,4
150,7,3
36,12,4
685,41,4
420,114,3
22,63,4
206,98,4
639,25,3
848,81,3
356,53,5
440,33,4
729,87,4
96,73,3
164,6,3
148,62,3
530,66,2
294,102,4
195,9,3
663,67,4
480,16,4
877,89,4
123,88,3
400,111,3
699,93,3
452,108,3
661,55,4
104,40,3
755,26,3
462,38,3
743,35,3
718,87,4
396,59,4
337,106,4
599,14,3
317,120,4
711,47,3
558,103,3
800,71,3
527,72,4
556,42,5
401,51,3
681,19,3
556,65,3
610,42,3
773,38,4
109,118,3
372,106,3
855,44,2
768,96,4
891,30,3
206,70,4
847,38,4
43,97,4
865,108,2
245,119,3
287,23,3
355,74,3
785,57,4
476,110,4
190,120,3
800,36,3
724,1,4
291,72,3
645,3,3
201,14,3
797,81,4
326,34,4
511,111,3
409,70,3
607,69,4
837,51,4
508,105,3
731,104,3
601,29,2
72,99,3
247,82,4
641,104,4
724,48,4
855,94,3
608,79,4
587,117,3
566,79,2
344,16,3
54,57,3
730,97,3
528,10,3
611,19,4
558,114,3
58,4,4
437,75,3
129,33,4
849,28,3
706,96,4
852,80,4
326,9,3
8,75,4
29,6,3
112,49,4
673,91,4
131,76,3
188,22,3
675,104,3
709,48,3
475,101,4
204,33,3
621,56,5
679,40,3
772,74,3
243,18,3
787,47,3
102,116,3
685,13,4
171,27,3
188,74,3
86,105,3
476,45,4
52,3,3
877,27,2
854,55,4
43,67,4
200,2,4
20,15,3
440,26,4
551,27,4
435,118,2
207,7,3
439,1,4
666,21,3
42,79,3
411,30,3
806,8,3
610,88,2
427,83,4
275,3,3
884,15,3
369,6,4
220,42,2
867,112,3
328,102,4
443,83,3
52,113,3
376,30,3
263,77,4
267,39,2
359,116,3
317,12,3
666,59,4
870,76,3
878,44,4
652,88,4
563,4,3
629,36,3
421,114,3
46,48,4
600,81,3
720,49,3
889,67,3
269,102,4
601,87,4
381,77,3
118,9,3
566,21,3
116,105,4
630,72,3
260,81,3
75,16,3
480,16,4
305,28,3
7,51,4
366,56,4
634,80,3
348,110,3
438,52,2
215,46,4
791,110,3
498,108,4
540,38,3
747,84,4
367,109,3
538,41,3
54,98,3
541,118,4
467,59,3
865,93,3
164,67,3
782,74,3
547,66,3
798,27,4
348,32,4
273,56,4
720,10,3
750,40,4
414,17,3
500,58,4
93,118,3
685,97,4
622,39,2
217,111,3
358,18,4
618,73,4
507,72,4
559,89,3
181,95,3
246,4,4
244,20,4
506,28,4
422,40,3
320,65,4
217,119,4
490,44,3
278,57,4
849,47,4
722,13,3
330,90,4
496,65,3
381,81,3
306,16,3
820,37,4
673,52,4
748,10,4
188,38,3
516,44,2
644,95,4
427,74,2
502,54,4
730,113,4
260,98,4
478,70,4
178,92,3
457,92,3
189,59,4
291,13,3
765,12,4
756,104,3
635,57,3
811,50,3
283,119,4
846,54,3
377,66,4
156,106,3
508,63,4
528,60,3
355,120,3
559,114,3
763,63,3
187,72,3
260,3,4
421,73,4
529,13,3
551,9,3
304,95,3
39,89,5
489,52,3
644,108,4
542,62,3
278,109,3
203,8,4
108,95,2
268,45,3
222,53,4
804,109,3
530,63,4
90,95,4
693,81,3
255,111,2
455,57,3
253,54,4
257,19,3
383,67,3
442,46,3
599,10,3
90,113,4
749,93,3
390,104,3
582,18,3
44,12,4
664,23,2
598,62,4
19,11,3
101,73,4
607,118,3
766,56,4
357,88,3
542,89,2
761,55,3
33,25,3
229,111,3
524,9,4
630,12,4
862,11,4
155,113,4
246,28,4
759,89,5
541,47,3
161,36,4
747,50,3
702,107,4
117,9,3
271,105,3
770,60,4
692,72,4
885,53,3
172,82,3
274,110,4
259,99,4
135,17,4
683,100,3
722,53,3
748,28,4
422,114,3
421,63,4
186,15,4
607,86,3
378,70,4
580,71,4
891,108,3
722,48,3
196,73,4
881,20,3
605,75,2
22,2,4
172,86,3
383,112,3
134,36,3
426,5,3
25,64,3
503,7,3
185,70,4
567,22,3
763,74,3
144,46,4
863,40,4
679,61,3
412,110,3
224,46,3
220,84,4
179,28,4
631,87,3
433,35,3
265,1,3
662,9,3
416,9,3
453,22,4
727,63,3
554,80,3
53,104,3
480,58,3
443,70,3
330,55,3
807,97,4
890,19,4
783,79,3
123,33,3
879,74,3
387,65,4
348,43,3
29,93,3
35,17,4
518,68,5
396,29,4
623,55,5
294,7,3
349,77,2
147,5,4
122,98,4
340,117,3
900,46,3
691,57,2
597,54,3
451,92,3
557,46,3
136,10,3
855,4,2
16,67,3
333,25,3
195,87,3
496,91,4
9,78,4
333,32,3
15,111,3
839,104,2
614,37,4
226,3,3
425,99,4
408,34,3
113,88,3
428,65,3
1,76,3
491,83,4
208,9,3
622,28,4
369,91,4
306,18,3
12,42,4
700,33,3
666,101,4
846,77,4
420,54,3
889,87,4
791,36,3
171,97,4
134,85,4
427,98,2
25,56,3
530,100,3
190,17,4
141,10,4
555,87,4
846,44,4
796,2,4
444,111,3
319,109,4
92,2,3
179,19,3
56,80,3
155,107,3
672,108,3
468,112,4
481,2,4
814,51,3
249,10,4
323,19,3
518,106,4
792,80,3
606,114,3
269,72,3
709,56,3
148,95,3
118,45,3
850,89,3
367,59,4
850,39,2
813,55,4
370,120,4
831,114,2
588,102,4
114,93,4
761,82,4
439,49,4
715,44,3
147,35,2
35,91,4
309,5,4
538,71,3
750,74,2
14,74,4
374,51,2
557,57,4
428,58,3
728,92,3
233,36,3
705,10,4
563,50,5
887,99,4
726,117,4
663,99,3
440,37,3
502,112,3
275,20,3
850,13,4
76,75,4
439,109,4
860,92,4
699,102,4
289,56,4
540,45,4
891,60,3
692,68,4
253,57,5
126,54,4
177,37,4
37,83,3
410,37,3
611,117,3
610,14,4
127,95,4
483,92,3
168,100,4
592,44,3
294,102,4
845,83,3
638,42,4
343,1,4
662,119,3
528,64,3
540,28,4
419,112,4
444,4,4
685,41,4
558,60,4
840,18,4
439,61,3
794,115,4
489,82,3
65,6,3
646,83,3
663,53,4
343,99,4
352,5,4
158,65,3
491,39,3
855,43,2
225,110,3
615,5,3
859,119,4
813,4,4
88,93,4
883,1,2
680,56,4
435,45,4
682,65,3
135,3,3
340,56,4
646,25,4
649,116,4
245,84,4
109,31,3
825,30,3
799,80,3
533,66,3
90,81,3
296,10,4
112,71,3
813,59,4
177,51,4
343,116,3
660,9,4
101,54,3
758,62,4
629,81,3
401,9,3
28,101,3
58,39,3
498,75,4
297,8,4
134,25,3
331,110,4
249,66,4
75,117,3
654,24,3
834,112,4
168,80,4
771,83,3
503,59,4
885,31,4
355,11,4
225,6,4
664,70,3
531,32,3
146,39,3
241,48,2
884,13,2
893,59,4
344,67,4
749,56,3
35,120,3
702,41,3
1,56,4
153,35,4
508,81,3
126,67,4
491,34,3
738,70,3
221,106,3
723,11,3
25,112,3
528,27,3
182,48,4
499,24,3
841,18,4
641,27,3
42,54,3
481,55,3
848,120,3
748,105,4
872,21,4
439,59,4
402,115,4
893,97,3
646,48,4
21,54,3
634,18,3
70,3,3
864,24,3
873,1,3
48,6,4
491,19,3
551,86,3
287,115,3
10,43,3
542,8,3
756,69,3
274,52,3
600,73,3
756,47,4
381,85,4
479,46,4
15,4,3
516,120,2
191,88,3
168,8,4
521,116,3
621,61,3
154,34,2
388,20,3
272,74,4
143,34,3
611,43,3
889,10,4
820,94,4
69,30,3
247,115,4
788,57,4
623,107,4
770,105,3
605,71,3
525,47,3
772,84,3
621,81,2
330,3,3
189,111,3
95,46,4
617,104,4
8,36,4
496,10,4
191,34,3
366,78,4
768,8,3
521,55,3
117,91,3
267,10,3
611,57,4
485,114,4
509,79,2
298,101,3
164,86,3
376,45,5
268,64,4
549,95,2
74,2,3
508,45,4
308,62,3
130,74,3
758,94,3
824,100,4
572,111,3
791,104,3
615,15,3
832,31,3
853,27,3
151,85,4
206,20,4
179,99,4
89,88,2
799,49,3
434,57,4
788,16,4
748,100,3
183,75,2
493,67,3
130,19,4
13,105,3
634,67,4
871,36,4
106,60,3
375,36,3
582,11,3
707,51,3
698,80,2
99,55,4
594,54,4
587,17,4
852,42,3
192,24,4
325,17,4
726,48,4
467,86,3
894,70,4
367,7,3
318,14,3
144,11,3
384,12,4
15,20,5
217,54,3
492,55,4
547,58,3
183,79,3
270,90,4
467,97,4
870,30,3
612,24,3
542,73,4
467,3,3
305,100,4
144,48,4
691,14,3
722,29,4
592,80,4
500,112,4
595,98,3
554,10,3
273,71,4
703,89,5
173,27,5
7,79,3
155,96,4
522,28,4
548,71,4
518,120,3
215,80,3
134,26,4
285,99,4
126,81,3
439,87,3
849,8,3
686,2,3
152,95,3
331,57,5
538,52,3
383,58,3
115,96,3
894,93,4
284,8,3
899,59,3
75,2,3
189,62,4
602,49,3
688,101,3
21,20,4
566,29,2
184,17,4
871,74,3
222,105,4
328,6,3
179,62,4
788,107,3
112,98,3
736,31,3
726,62,3
59,119,3
621,12,4
897,63,4
191,25,3
200,22,3
312,91,3
708,88,3
35,76,3
379,117,4
387,18,2
758,45,2
237,111,3
283,12,4
1,49,4
731,33,3
464,86,4
230,63,3
172,18,3
553,112,3
123,97,3
843,27,3
298,106,3
885,83,3
690,112,3
575,78,3
484,25,3
165,34,3
699,88,3
383,102,3
739,54,4
389,5,4
560,108,3
224,36,3
3,54,3
372,88,2
687,36,4
446,69,3
611,39,3
116,70,4
270,109,4
447,100,3
253,4,4
317,74,3
415,116,3
95,65,3
785,85,3
628,37,4
663,67,3
850,111,4
502,91,4
718,81,3
498,87,4
335,77,4
582,27,3
27,51,3
271,20,3
562,110,3
804,117,2
247,13,4
776,63,4
387,24,3
702,119,4
559,105,3
866,107,4
352,65,3
701,49,4
256,58,3
222,77,3
884,78,2
753,97,4
781,2,3
1,66,4
446,105,4
889,98,3
349,83,3
82,73,4
502,24,3
477,77,3
704,44,4
765,94,3
14,41,3
392,74,3
386,108,3
357,40,4
601,48,2
568,113,3
94,84,4
93,4,3
340,102,3
597,108,3
22,39,3
291,5,4
485,106,4
306,6,4
634,14,4
128,70,4
625,78,3
273,12,4
848,62,3
442,27,3
503,54,4
130,90,4
132,12,4
597,8,3
862,16,4
390,52,3
593,26,3
325,8,3
69,105,3
660,45,5
528,84,3
819,81,4
617,19,3
165,17,3
713,65,3
709,116,3
426,29,4
697,14,4
834,17,3
265,13,3
612,98,2
342,91,3
832,63,4
726,110,3
278,33,5
439,37,3
157,103,3
422,83,4
878,24,4
609,14,5
530,111,3
132,114,4
260,95,4
125,30,3
82,60,4
283,120,3
683,73,3
59,91,4
161,106,3
284,26,3
106,18,3
105,36,3
439,8,4
700,84,3
582,58,4
318,32,3
464,93,3
599,48,3
882,82,4
874,71,4
472,65,3
56,92,3
625,33,3
13,50,3
440,4,4
18,119,4
113,117,3
229,116,3
171,36,2
189,102,4
426,28,4
182,45,3
499,23,4
798,7,4
762,120,3
866,61,3
826,100,3
708,65,3
146,45,4
618,51,2
296,88,3
582,102,3
470,45,4
506,63,3
817,96,4
52,25,3
882,10,4
363,35,4
797,55,3
474,25,4
846,91,3
521,45,3
763,96,3
298,106,4
435,90,3
696,67,3
691,17,3
198,73,3
128,93,4
411,82,3
840,105,4
65,53,3
241,57,2
369,105,4
536,98,4
384,115,4
831,99,3
697,16,3
611,77,4
574,99,5
286,42,3
459,32,4
126,38,3
499,114,3
425,102,3
554,38,3
610,54,3
158,77,5
112,110,3
402,117,4
759,103,5
122,77,4
273,47,4
294,12,4
398,53,3
471,33,3
207,28,3
440,82,4
278,26,4
568,54,2
887,40,3
569,66,4
803,114,2
114,92,3
893,92,3
897,89,4
820,90,4
853,109,3
477,47,3
321,42,3
179,34,4
897,94,3
789,108,4
528,101,2
492,44,3
891,87,3
54,2,4
680,91,4
538,112,3
848,59,4
65,86,3
612,98,3
586,16,4
704,20,4
171,26,3
273,16,4
889,70,4
699,109,3
535,108,3
693,42,4
108,72,3
847,6,4
162,37,4
814,116,3
452,22,2
206,6,4
16,32,3
608,38,5
2,37,3
10,23,3
434,49,4
125,61,3
81,49,3
485,61,3
652,77,4
150,86,4
800,63,3
873,7,3
340,22,3
129,85,4
438,6,3
751,61,3
501,14,4
58,16,3
198,3,4
279,114,3
535,94,2
410,94,3
461,42,3
847,96,4
44,23,4
27,3,3
794,1,4
548,101,4
621,71,3
567,3,3
704,100,3
185,67,3
69,55,3
829,4,3
130,31,3
567,66,3
890,78,3
609,101,4
848,64,4
599,31,3
806,117,4
631,63,3
720,66,3
154,47,4
547,107,4
855,116,3
609,83,4
681,89,3
663,58,3
515,61,3
314,118,4
287,1,4
594,96,4
43,25,3
617,61,3
1,105,4
573,81,3
270,14,4
180,45,4
736,77,3
518,102,4
103,39,3
10,66,3
90,96,4
226,58,3
126,6,4
74,82,4
191,118,3
682,119,4
819,38,5
716,107,4
56,3,4
720,112,3
553,5,3
527,54,3
574,34,4
667,111,3
284,112,3
721,39,3
832,112,3
187,100,4
498,92,3
442,48,4
130,49,4
639,34,3
114,100,4
13,18,2
271,70,4
601,114,3
215,92,3
444,103,5
512,51,2
447,105,5
715,93,4
74,68,4
101,69,4
176,89,3
427,103,4
117,8,4
41,83,3
344,11,4
424,20,4
366,55,4
120,36,4
609,82,4
657,14,4
728,58,3
229,38,2
825,89,3
130,80,3
352,82,4
889,1,3
318,104,2
649,65,3
836,1,3
337,115,3
273,85,3
117,60,4
818,25,4
94,10,3
168,50,4
715,12,4
341,92,3
661,113,4
695,32,4
152,33,3
586,72,3
877,106,3
274,26,4
554,42,3
496,50,5
724,61,4
101,41,3
557,57,4
82,2,4
529,99,3
14,70,4
433,31,2
157,23,3
132,54,4
338,115,3
404,28,4
376,79,4
888,19,4
559,76,3
107,114,4
620,48,4
265,2,4
155,101,3
783,59,4
247,59,3
531,120,3
538,25,4
729,107,3
154,21,3
154,42,3
686,36,3
92,9,4
433,12,3
338,10,4
480,59,4
693,110,4
131,5,4
787,80,3
273,63,3
588,101,3
177,101,3
696,29,3
831,18,2
643,93,3
49,53,3
567,82,3
666,32,4
355,42,4
308,31,2
868,62,4
885,56,4
630,118,3
46,26,3
302,92,3
868,27,4
408,83,4
189,57,4
822,109,3
129,59,3
561,62,3
118,16,4
464,103,3
144,44,4
442,93,3
200,79,3
157,30,3
860,119,4
134,113,4
148,65,4
336,29,3
233,30,3
811,110,3
666,32,4
90,10,4
161,8,4
538,51,3
301,106,3
724,55,4
575,35,2
436,36,3
765,56,3
459,36,4
398,84,4
620,61,3
286,62,3
561,116,3
730,117,4
556,81,4
781,87,3
728,112,3
894,64,4
610,60,3
748,57,4
282,113,4
661,95,3
816,70,3
578,99,3
457,56,3
791,20,2
337,105,4
254,54,4
304,1,4
380,109,3
130,90,3
596,98,3
699,10,4
558,23,3
899,51,3
183,113,3
268,24,3
512,58,3
612,110,3
556,31,3
509,103,3
238,74,3
134,88,4
192,97,4
356,14,4
278,99,4
18,109,4
524,34,4
180,17,3
123,21,3
246,96,4
734,67,3
373,58,3
51,79,3
480,96,4
560,38,3
19,26,3
774,64,3
84,30,3
155,9,3
565,32,4
619,11,3
357,86,5
816,34,3
647,105,5
443,18,4
69,19,4
143,82,4
192,37,3
387,82,3
378,12,3
581,4,4
535,111,3
693,43,3
293,27,3
9,51,3
271,5,3
387,6,3
93,77,4
529,87,3
154,106,3
840,89,4
149,110,3
889,68,3
267,116,2
422,119,4
840,96,4
618,44,3
472,15,4
893,90,5
547,42,3
631,11,3
503,11,4
14,66,3
652,27,4
806,118,3
119,90,4
238,72,3
522,72,3
634,1,3
657,102,4
883,13,3
769,73,4
871,6,4
516,111,4
866,112,4
106,100,3
132,12,4
850,86,4
19,52,4
642,76,3
12,118,4
81,70,3
330,108,3
866,73,3
774,52,3
392,37,3
637,117,3
307,3,3
267,98,4
447,8,4
652,41,4
841,64,4
2,42,4
762,9,3
651,14,3
636,101,2
309,91,4
522,96,5
469,4,4
112,115,5
8,97,4
804,85,3
477,1,3
874,108,4
460,75,4
253,65,4
438,75,2
754,7,3
854,66,3
661,15,4
306,118,3
478,116,3
679,47,3
20,90,3
855,42,3
135,51,3
129,35,3
410,116,4
422,110,4
294,105,4
246,41,4
701,85,4
556,57,4
86,38,4
556,72,4
842,107,2
375,96,3
446,8,4
378,108,3
390,74,3
657,63,3
51,87,3
242,4,3
294,48,4
563,52,4
120,94,4
70,5,4
853,85,3
57,120,2
39,113,4
443,89,4
18,24,4
825,77,4
756,17,3
352,78,4
816,98,4
298,90,3
283,83,3
586,26,4
180,2,4
794,22,3
25,71,3
843,4,4
791,113,3
738,38,3
57,103,3
180,84,3
894,73,3
343,52,4
477,31,4
799,26,4
455,26,3
289,5,4
213,115,4
258,74,2
530,18,2
687,15,4
229,57,3
226,97,4
596,5,4
803,37,3
435,104,4
882,86,3
758,86,4
402,22,3
622,52,3
766,15,4
88,17,3
893,45,3
542,63,4
684,28,4
309,59,4
343,86,4
436,21,3
177,42,3
139,81,3
194,69,4
186,82,4
218,17,4
164,68,3
161,118,3
525,7,4
601,101,3
836,40,3
42,40,3
741,73,3
862,83,4
275,51,3
279,73,4
720,32,2
792,17,5
530,58,3
57,86,3
112,35,3
5,30,3
410,64,3
414,53,3
182,51,4
13,104,2
797,90,3
259,6,4
90,34,4
891,96,3
698,25,3
250,115,3
255,13,3
588,63,3
108,102,3
668,66,4
594,120,4
485,75,4
258,11,3
639,88,2
282,78,5
88,109,3
204,94,4
16,104,2
151,111,3
254,44,4
188,99,4
783,69,3
459,40,4
330,37,4
820,118,4
845,49,3
693,75,3
366,36,4
178,75,3
655,73,3
760,120,2
639,34,3
416,37,3
355,96,4
255,60,4
143,12,4
853,81,3
900,33,3
11,43,3
620,112,4
421,9,3
663,98,3
221,103,3
853,51,2
496,94,3
237,114,4
237,20,4
461,41,4
663,44,3
635,35,4
144,23,4
189,118,4
255,58,3
336,87,3
671,58,3
874,57,5
409,87,3
602,28,3
357,64,4
256,62,4
521,112,2
524,62,4
837,94,3
756,85,3
284,85,3
312,26,3
99,51,3
878,36,4
226,26,3
845,33,4
615,100,4
618,68,3
365,73,3
570,66,4
75,23,3
42,70,4
422,55,4
836,43,3
181,100,4
545,110,3
568,22,3
105,9,4
200,34,3
101,59,3
768,26,3
307,1,3
586,100,3
683,108,3
377,5,4
655,41,5
678,63,4
773,68,4
221,48,3
595,66,3
182,16,4
307,80,2
522,53,4
396,120,3
4,120,3
863,86,4
848,107,3
804,65,3
215,64,3
610,88,2
420,68,4
101,63,4
521,62,3
573,82,4
309,81,3
510,114,3
63,45,3
633,52,5
226,116,3
105,74,3
772,65,4
861,2,4
425,49,3
255,22,3
434,29,4
207,35,3
28,81,3
682,76,3
336,24,3
588,94,3
628,108,4
69,30,4
866,84,4
167,106,3
864,50,3
730,118,3
785,102,3
859,113,4
856,30,3
686,12,4
170,49,3
758,95,3
90,82,5
561,46,3
446,43,4
294,2,4
150,117,3
132,97,4
433,75,2
59,98,4
836,80,3
215,35,4
561,33,3
472,85,4
247,72,4
239,26,3
367,97,4
168,62,5
560,61,3
51,26,4
811,37,3
610,30,3
728,95,4
380,11,3
474,53,3
80,41,4
697,5,4
367,66,4
461,13,3
539,63,4
452,82,2
464,90,3
478,25,3
420,44,3
707,14,4
369,59,4
854,56,4
114,106,4
754,52,3
503,66,3
636,68,2
817,12,5
588,75,3
311,68,4
469,43,4
824,73,4
708,74,3
863,91,4
44,6,4
415,15,3
698,42,3
855,31,2
246,86,4
84,53,4
207,6,4
151,33,5
668,29,4
528,21,3
165,54,3
145,56,4
37,116,3
333,94,3
403,21,4
414,100,4
402,58,3
206,64,4
62,86,4
420,46,4
868,84,4
468,22,3
820,116,4
19,60,3
365,104,3
7,47,3
761,31,4
428,115,4
117,104,3
580,77,4
507,18,5
706,56,4
325,17,4
42,32,3
297,15,4
231,13,3
453,58,3
890,90,3
394,50,4
522,11,4
358,13,4
444,97,3
128,50,3
691,101,2
392,1,4
881,36,3
743,32,3
30,31,3
725,6,3
49,89,4
777,113,4
145,52,5
69,82,3
58,22,4
697,31,3
574,100,3
479,73,3
820,46,4
296,97,3
678,91,4
171,43,3
575,1,2
147,44,3
484,57,4
306,9,4
673,5,4
846,114,3
609,9,3
446,45,4
221,92,3
555,77,4
804,24,3
378,109,4
620,74,3
95,22,3
262,103,4
825,60,4
897,86,3
533,39,3
92,84,3
127,74,3
80,74,4
824,90,3
238,89,3
372,53,3
25,77,3
156,15,4
789,6,4
530,52,4
57,19,3
605,96,3
19,75,3
384,102,4
865,97,4
237,55,4
387,15,3
426,64,3
277,100,3
227,69,3
552,43,3
323,74,2
153,17,3
639,98,3
237,116,3
436,74,2
684,116,3
109,30,4
866,67,4
184,51,3
198,101,3
373,104,3
497,5,4
599,28,3
201,108,2
849,78,3
509,103,4
275,72,3
504,72,3
118,76,3
703,15,4
554,83,3
42,48,4
788,28,4
17,104,3
283,71,3
258,94,3
575,82,3
574,88,4
612,6,4
19,58,3
529,115,3
837,68,5
373,49,3
758,118,3
763,51,3
81,59,2
551,111,3
548,6,3
424,90,4
388,51,3
709,38,3
204,52,3
196,93,3
728,20,3
285,10,3
196,26,3
307,48,3
664,91,3
14,114,4
837,14,3
146,100,4
57,59,2
723,12,4
529,85,3
798,72,3
344,39,3
715,9,3
611,88,3
279,95,3
641,17,3
335,42,4
288,29,4
252,60,4
265,67,4
271,85,4
700,57,3
419,72,4
726,14,4
365,18,3
76,95,4
660,75,4
321,102,3
725,20,3
433,117,3
109,46,3
641,117,3
522,45,4
47,4,4
379,84,4
96,20,4
103,11,3
854,65,3
146,108,3
880,18,4
27,39,3
530,97,3
679,118,4
82,100,3
428,18,3
822,31,3
479,99,3
766,39,2
162,38,3
839,79,4
402,47,4
508,70,3
38,8,3
511,104,3
393,86,4
713,65,4
200,55,3
255,88,2
179,85,3
547,109,4
594,43,3
389,4,4
398,71,4
158,12,4
4,59,4
167,77,5
468,54,3
409,44,4
412,16,4
204,6,4
194,14,3
235,115,4
718,112,4
150,58,3
159,31,3
279,100,4
816,101,3
404,41,3
893,120,3
678,35,4
311,118,4
88,115,4
217,106,4
1,30,3
135,44,3
697,55,3
351,71,2
618,83,4
133,79,3
620,103,3
178,108,3
358,39,3
380,42,3
871,120,3
586,20,4
108,42,3
122,89,2
17,87,4
196,5,3
318,41,4
809,94,3
479,112,3
252,39,4
503,57,4
119,91,4
498,37,3
314,79,4
179,51,3
894,106,4
418,8,3
556,56,4
783,73,3
326,22,4
690,98,2
357,99,5
416,77,2
515,11,3
854,96,4
74,106,3
563,15,4
509,1,2
332,46,2
93,114,3
688,88,3
657,43,3
269,22,5
376,3,4
834,14,3
4,2,3
231,32,2
600,112,3
529,38,2
52,97,4
646,46,4
723,42,3
325,6,4
731,41,4
717,103,3
723,25,4
277,98,3
536,11,4
516,101,3
152,41,3
483,71,2
259,57,3
869,112,3
168,86,4
688,48,4
803,39,4
479,10,3
56,85,4
620,70,4
473,113,4
296,65,3
461,98,2
814,78,3
846,36,3
141,27,4
667,73,4
262,55,3
785,70,4
420,95,2
241,53,3
355,107,4
849,60,4
770,61,3
761,36,3
180,27,3
820,28,4
348,16,3
171,35,3
474,36,2
367,99,3
107,109,3
439,19,4
227,85,3
444,33,4
442,23,3
396,119,3
728,63,3
581,70,3
84,96,4
615,22,3
551,67,4
13,99,3
809,80,3
825,106,3
693,59,3
493,25,3
268,17,4
525,39,3
120,77,4
57,75,3
336,24,3
640,38,3
173,88,4
547,97,4
259,81,3
888,57,4
730,36,3
894,70,3
839,80,3
117,45,3
184,92,3
874,105,4
116,96,4
162,26,4
587,31,3
237,85,4
839,45,3
70,115,3
809,67,3
447,76,4
416,115,3
738,54,4
464,41,4
396,89,3
711,120,3
551,81,4
657,38,3
557,100,3
395,36,4
326,83,3
893,44,4
91,57,3
750,66,3
70,81,3
642,111,3
852,99,4
601,61,3
335,63,4
764,116,3
369,36,4
861,54,4
677,65,4
49,82,3
52,4,3
289,55,4
239,91,4
133,89,3
786,64,4
374,92,3
373,117,4
805,22,4
478,106,4
755,25,4
479,81,4
832,59,3
682,44,4
635,52,4
688,76,3
82,101,3
225,81,3
16,55,4
822,61,3
358,95,3
163,79,3
610,77,3
668,40,3
350,21,4
681,66,4
464,8,4
837,71,4
375,10,3
92,57,3
181,4,4
743,43,3
301,105,3
660,100,3
792,99,3
189,63,3
859,43,3
862,67,4
314,82,4
493,51,4
128,110,3
426,43,3
559,24,3
565,96,4
187,34,4
453,2,3
471,2,4
738,10,3
565,23,4
224,15,4
154,118,3
560,76,3
351,107,2
147,17,3
349,14,3
182,81,3
637,79,3
179,76,3
39,16,5
772,32,3
894,23,4
3,102,3
29,98,3
372,16,3
870,71,3
442,33,3
203,68,4
411,43,3
21,64,3
551,116,3
102,18,3
46,68,4
603,61,3
164,75,2
338,20,4
123,11,4
705,79,4
447,46,4
611,64,4
291,81,3
671,98,3
412,114,3
615,112,3
897,76,4
43,28,4
596,35,4
703,8,5
51,91,3
126,24,3
492,66,3
509,95,2
581,86,4
777,64,4
258,65,3
188,14,4
230,25,3
189,100,4
415,100,3
10,105,4
114,3,3
76,5,3
502,54,3
49,97,3
387,76,4
389,10,4
218,98,4
701,16,3
346,104,3
230,46,3
255,29,3
766,34,4
271,36,2
123,30,3
656,99,3
257,73,3
656,82,2
421,19,3
259,103,3
47,68,3
863,70,3
525,115,3
888,33,5
208,96,3
311,80,4
747,75,3
149,22,3
834,36,4
438,114,3
155,23,3
678,63,4
90,26,4
698,60,4
358,93,4
174,5,4
217,54,3
456,38,3
776,62,3
609,25,3
629,98,4
832,22,3
533,84,3
200,29,3
853,93,3
788,118,3
264,55,4
58,81,3
302,5,4
498,109,3
249,13,4
605,42,3
777,15,4
271,79,3
606,18,4
666,50,5
394,2,3
797,87,4
502,107,4
592,13,3
804,107,3
84,68,4
365,47,4
549,119,4
342,89,3
839,75,3
407,50,3
425,112,4
93,12,4
848,13,3
614,9,3
412,59,3
678,45,3
159,102,3
14,70,3
373,107,4
225,115,4
505,43,3
249,23,4
511,79,3
603,45,3
602,104,4
541,101,4
817,34,5
220,16,3
840,63,3
727,109,3
221,51,3
389,105,3
554,111,3
647,32,4
42,38,3
873,56,4
283,110,4
58,69,4
814,17,3
834,86,4
885,48,4
129,82,3
599,28,3
842,77,3
426,50,3
125,117,3
637,98,2
314,59,4
326,68,3
565,107,4
578,67,4
826,41,3
506,10,3
82,28,4
599,34,3
2,39,4
204,111,4
662,83,3
805,106,4
404,56,4
103,52,3
536,110,4
763,17,4
897,71,3
117,26,4
628,107,5
749,18,3
478,110,3
105,46,4
771,31,3
46,93,3
823,9,3
331,118,4
492,81,3
813,60,4
845,76,3
536,100,3
511,52,3
458,48,5
547,61,3
536,24,4
540,74,3
484,58,3
16,64,3
243,29,4
207,103,4
271,10,3
761,39,3
705,28,4
847,18,4
730,41,4
115,118,3
580,114,4
837,75,4
483,65,4
394,100,3
75,100,3
103,60,4
297,9,3
178,45,3
215,60,3
39,112,4
259,97,3
716,3,4
7,51,3
49,8,2
538,114,3
161,70,4
869,59,4
176,116,3
2,58,3
455,93,3
644,101,4
498,9,3
629,105,4
800,83,4
28,17,4
333,54,3
1,112,3
188,44,4
56,32,4
547,35,3
112,78,4
798,49,4
36,16,4
439,85,4
729,12,4
592,88,4
826,98,3
595,8,4
325,21,3
640,48,3
307,8,3
728,80,3
619,10,3
109,52,3
372,15,4
357,4,4
181,90,3
356,79,4
692,107,4
181,102,3
434,41,4
464,73,3
681,99,4
21,101,3
612,47,4
384,9,3
812,2,4
615,67,3
559,117,3
39,108,4
285,48,3
822,69,4
602,74,2
597,28,4
785,79,2
336,14,3
188,46,4
671,87,4
243,13,3
479,94,2
561,40,3
101,72,3
756,30,3
176,81,4
238,99,4
59,65,3
865,113,3
99,58,3
871,88,2
755,89,3
297,2,4
123,14,4
229,103,4
594,115,3
656,97,4
388,17,3
541,10,4
270,103,3
759,89,5
12,102,4
867,37,3
389,64,5
337,30,3
506,34,4
106,18,4
74,63,3
171,49,3
849,56,3
69,91,3
813,58,3
649,55,5
433,103,3
100,85,4
9,103,3
574,23,4
697,103,2
29,112,2
893,108,3
114,47,4
462,79,2
143,107,4
390,66,4
682,51,3
157,84,4
335,28,4
861,57,4
260,58,3
82,15,4
754,16,4
172,47,4
231,63,3
720,12,3
75,103,4
270,103,3
899,43,4
62,29,4
874,107,4
320,49,3
102,3,3
874,69,4
722,60,4
255,66,3
570,90,4
112,26,4
461,74,3
708,69,3
887,47,4
462,76,4
865,96,3
92,42,3
52,31,3
805,22,4
812,84,3
374,8,3
581,111,4
557,98,3
649,49,4
234,87,3
289,53,4
638,28,4
542,29,3
114,72,3
204,11,3
29,47,4
643,45,4
474,18,2
697,50,4
253,89,4
798,49,4
386,22,4
62,45,3
515,61,3
430,99,5
580,93,4
691,120,2
141,71,4
743,61,3
675,36,3
311,24,4
471,32,4
393,91,3
642,96,4
758,96,3
809,96,4
172,90,3
47,82,3
130,103,3
352,5,3
845,16,3
622,11,3
581,118,4
58,35,4
106,112,4
812,75,4
330,42,4
768,87,4
824,119,3
683,98,3
383,112,3
162,81,3
286,10,4
767,108,3
567,3,3
515,88,3
126,2,4
408,99,4
565,17,4
198,73,3
811,36,2
188,86,4
698,95,3
817,119,3
716,88,3
484,73,3
871,2,4
354,85,3
597,27,4
100,37,3
558,22,4
556,68,4
278,14,4
693,98,3
699,23,3
491,106,3
255,89,4
381,65,3
542,119,3
264,112,3
610,79,3
825,96,3
879,78,4
115,61,4
275,71,3
773,100,4
843,85,4
719,50,4
328,12,3
727,15,3
552,17,4
27,108,3
702,35,3
682,78,4
167,59,4
700,5,3
229,15,3
609,103,5
367,35,3
528,109,3
791,74,2
647,55,4
538,66,2
864,108,3
524,60,4
72,24,4
645,92,3
106,22,3
885,32,3
282,83,4
133,51,4
269,3,4
412,70,3
673,32,4
619,2,4
791,88,3
865,109,3
747,59,4
18,91,4
754,73,3
117,77,3
798,119,4
794,14,3
144,51,4
717,11,4
551,78,3
666,80,3
688,10,3
753,84,4
422,80,3
369,34,5
646,80,3
558,78,3
678,28,3
106,18,3
425,7,3
72,45,3
842,98,3
785,111,3
759,113,4
446,45,4
186,71,4
70,97,3
150,35,4
246,52,5
774,114,2
538,103,3
652,21,4
99,113,4
278,28,4
563,96,4
663,44,4
455,80,3
104,56,4
601,10,3
725,48,3
233,52,4
394,114,4
501,15,4
695,55,3
521,50,3
52,33,3
781,55,3
226,39,3
51,12,4
186,116,4
803,31,3
131,53,3
443,41,5
759,52,4
704,57,4
497,78,3
403,3,3
323,57,4
615,7,3
372,39,3
460,48,5
133,74,3
651,16,4
606,4,4
452,4,3
129,120,3
91,119,3
575,27,3
29,86,3
722,86,3
524,17,4
333,109,3
297,98,4
130,96,4
293,116,4
173,70,4
720,54,3
99,8,3
356,53,4
139,100,4
503,5,3
826,69,3
174,47,3
29,74,2
496,40,4
655,7,4
351,94,3
554,25,3
720,43,2
842,77,3
192,47,4
672,49,4
755,54,4
770,18,3
664,27,3
215,72,4
834,6,4
883,105,3
794,71,3
541,22,4
195,59,3
506,47,3
768,118,4
793,68,3
304,32,3
437,109,4
323,97,4
502,1,3
393,46,3
806,41,2
599,120,3
149,108,2
761,114,3
283,32,3
379,46,4
198,92,3
556,105,5
356,52,4
540,96,4
17,98,3
639,61,3
379,97,4
680,13,3
506,89,3
756,106,3
899,40,3
76,103,4
231,61,3
716,120,4
302,113,4
726,62,3
215,44,4
158,48,4
69,74,3
393,59,4
267,95,4
69,108,3
611,11,4
728,61,3
673,46,4
606,116,2
174,109,3
677,34,3
115,84,3
220,7,3
343,57,4
377,99,3
130,93,4
617,116,3
539,76,3
739,5,4
2,76,4
871,93,4
101,35,4
533,84,3
58,37,3
389,60,4
692,65,3
341,16,4
861,30,3
20,73,3
255,42,3
317,61,3
38,74,3
660,77,4
386,62,3
633,84,3
681,57,3
323,68,3
737,46,3
819,28,4
773,101,4
13,77,3
560,3,4
825,37,3
291,19,4
332,92,4
606,83,4
871,82,3
697,40,3
687,50,5
387,73,3
468,42,4
415,29,3
69,66,3
472,17,3
104,120,3
758,109,4
161,31,4
200,92,4
508,52,3
16,39,3
498,60,4
884,94,3
332,99,3
717,112,3
877,51,3
551,84,3
601,16,3
256,98,3
766,14,4
728,90,4
880,84,4
815,42,2
172,51,3
649,24,3
498,107,4
471,82,3
384,43,3
690,73,3
700,84,3
507,61,4
527,106,3
804,94,3
831,63,4
325,26,4
208,35,3
330,56,4
280,40,4
305,29,3
146,6,3
516,1,3
90,52,4
453,24,4
60,102,4
311,34,4
528,115,4
227,7,3
474,75,2
541,11,4
663,36,3
782,63,3
433,63,3
153,88,2
789,30,3
401,30,2
279,103,3
57,112,3
186,111,4
398,101,3
605,97,3
788,84,4
158,118,4
787,22,3
693,105,3
359,61,2
440,21,4
663,27,4
446,102,4
750,35,3
743,104,2
530,70,3
701,80,4
17,92,3
531,80,3
731,27,3
326,117,3
613,49,4
596,102,3
708,102,4
842,30,3
202,22,3
344,19,4
853,31,3
859,111,3
400,19,3
218,2,4
765,39,3
222,91,4
383,72,3
881,109,3
592,54,4
7,27,4
272,79,4
739,12,3
16,111,3
424,78,4
524,71,3
803,17,3
753,90,4
21,101,3
690,84,3
785,19,4
288,82,4
809,30,3
134,30,3
283,25,4
404,88,2
649,102,4
437,35,4
829,51,3
259,101,3
103,71,3
567,71,3
769,27,4
101,10,4
198,97,4
813,43,4
226,55,3
237,6,3
506,48,4
182,77,3
711,2,4
814,83,3
767,51,4
634,61,3
797,102,2
618,2,3
736,51,3
273,26,4
420,20,4
768,23,4
442,54,3
496,15,5
109,92,4
703,35,3
502,75,3
859,8,3
25,57,3
187,118,4
288,50,3
628,49,4
338,115,3
878,115,4
37,88,4
794,21,4
508,36,3
227,71,3
320,69,3
840,58,3
182,63,3
874,93,4
86,16,3
467,6,4
53,78,3
860,52,4
867,2,3
235,89,4
799,114,4
433,114,3
496,77,4
100,18,4
599,81,3
403,109,4
396,92,3
527,76,3
415,35,4
613,86,4
677,39,3
541,37,4
619,1,3
130,96,4
84,58,3
271,1,3
244,13,3
388,46,3
818,81,3
791,7,4
59,119,4
602,51,3
883,119,3
843,3,4
504,50,4
706,26,3
123,31,3
648,100,4
139,26,3
229,67,4
274,108,3
439,55,4
562,28,3
118,44,3
714,81,3
483,38,3
395,111,3
703,30,3
876,66,4
460,8,4
693,101,3
412,106,4
75,103,3
793,75,3
21,63,3
171,79,2
15,66,3
560,107,3
86,96,4
149,40,3
700,13,2
372,107,2
480,17,3
818,15,4
151,33,5
141,115,3
69,16,2
260,115,4
846,13,3
521,119,3
633,86,4
419,36,3
101,43,4
661,50,4
865,74,3
243,81,3
753,94,3
512,13,3
849,30,3
555,57,4
95,110,3
226,30,3
518,71,4
718,99,4
396,94,4
612,83,3
12,39,3
237,37,3
834,3,3
770,89,3
407,119,3
849,86,4
480,38,3
647,14,4
222,64,4
156,39,3
654,54,3
428,2,4
158,96,5
416,43,3
326,53,3
344,41,3
262,8,3
283,90,3
850,96,4
856,75,3
229,114,3
888,63,3
280,65,3
870,79,3
290,4,3
680,68,3
47,92,2
715,10,4
758,50,4
321,61,4
274,47,4
556,3,4
363,17,4
668,22,3
380,116,4
711,91,3
470,16,4
675,104,3
116,3,4
605,52,3
42,111,4
796,33,4
379,42,3
722,2,4
206,39,4
280,27,4
648,15,3
618,7,3
118,109,3
237,57,4
309,42,3
456,9,3
900,105,3
475,6,4
100,120,4
305,76,3
354,30,3
286,55,3
328,84,4
103,84,4
63,54,3
687,110,5
282,27,4
293,59,3
738,7,3
7,40,3
639,104,3
92,94,2
190,72,3
871,2,4
476,14,4
511,10,3
462,50,3
53,18,3
754,18,3
644,52,4
490,69,4
112,31,3
409,101,4
7,84,4
668,96,4
876,62,4
367,113,4
250,50,5
595,77,4
380,15,3
872,90,4
471,92,3
701,45,4
455,94,3
366,107,3
290,35,4
874,22,4
403,74,2
58,75,3
521,38,3
304,97,4
115,70,3
41,101,4
816,7,3
173,118,4
234,44,4
793,76,3
884,7,3
620,60,3
793,1,3
403,62,4
39,87,4
119,89,3
335,18,4
336,108,3
539,7,4
74,54,4
191,67,2
147,10,3
767,61,3
284,59,3
213,59,4
635,107,4
718,69,3
394,98,3
798,78,4
22,104,3
771,55,4
869,6,4
105,1,3
459,97,4
770,75,4
716,114,3
822,88,4
774,10,3
619,108,4
763,116,2
221,23,3
379,16,4
222,101,3
258,16,3
713,56,3
367,108,3
770,95,3
349,6,3
225,30,4
714,63,3
738,101,3
183,51,2
869,89,4
758,46,3
444,21,4
865,99,4
623,38,4
127,113,4
104,50,3
749,12,3
480,69,4
155,73,3
257,44,3
235,52,4
500,9,3
289,99,3
510,65,3
552,118,4
800,111,2
709,10,3
785,46,3
894,103,5
776,100,4
569,58,3
298,37,3
610,52,3
376,99,5
419,13,3
754,6,4
437,48,4
596,11,4
754,81,4
323,6,3
764,74,3
702,117,3
152,97,3
302,94,4
278,21,4
651,42,4
688,81,3
8,27,3
807,3,4
235,60,5
675,93,4
561,66,2
302,93,4
38,49,3
136,100,4
822,34,4
421,37,3
348,65,3
864,1,3
748,4,3
273,14,4
161,110,3
687,18,4
878,34,5
308,1,3
374,53,2
733,22,2
9,80,3
444,22,5
113,50,4
698,92,4
853,119,4
774,70,3
760,89,3
115,42,3
65,117,4
825,35,4
239,20,3
302,108,3
392,2,4
522,7,3
369,96,4
233,49,4
195,83,3
12,76,3
177,27,4
217,78,3
11,2,4
446,85,3
630,68,4
164,60,3
551,115,4
53,85,3
218,112,4
718,86,4
824,49,3
360,2,3
385,17,4
56,83,3
118,104,3
900,88,3
253,20,4
798,102,4
803,89,4
845,87,4
180,114,2
415,98,2
870,32,4
235,51,4
855,88,3
708,42,3
820,63,3
80,89,4
647,61,3
22,62,4
477,3,4
843,89,3
440,92,3
737,76,4
570,26,3
93,48,4
192,108,3
103,8,3
396,5,4
7,11,4
640,42,4
567,99,3
231,91,3
874,119,3
574,41,5
90,102,4
457,48,3
233,53,4
354,55,3
333,120,3
439,61,4
375,32,3
664,36,3
428,18,3
657,74,3
130,96,3
141,18,4
415,12,3
93,115,3
284,97,3
655,46,4
223,55,4
545,2,3
682,108,3
357,98,4
713,19,3
23,71,4
736,39,3
880,42,3
270,17,4
859,63,3
333,46,4
621,107,3
741,20,4
890,8,4
363,96,4
822,19,4
389,32,3
668,24,3
857,56,4
99,120,3
47,120,3
839,18,3
422,12,3
480,41,3
62,120,3
109,48,3
679,82,4
549,64,2
119,16,4
598,80,4
392,23,3
52,86,3
603,39,3
289,33,3
337,24,4
204,55,3
880,61,3
238,84,3
667,95,3
136,58,3
407,119,4
508,72,3
381,1,3
881,85,3
635,96,4
254,53,4
477,61,3
114,46,3
20,110,3
528,74,3
145,60,4
208,51,3
531,112,4
376,73,3
504,84,4
181,40,3
861,7,4
617,75,3
612,85,3
602,102,3
812,111,3
444,19,3
332,110,3
503,15,4
585,61,3
688,56,4
396,10,4
608,46,4
857,80,3
103,109,4
402,75,3
224,57,4
518,35,4
634,72,4
427,3,3
116,66,5
163,53,4
226,78,3
230,52,4
182,93,3
249,53,4
318,54,3
656,3,3
392,65,3
857,15,4
96,84,4
894,86,4
756,50,3
86,33,4
415,73,4
394,3,3
696,2,3
633,4,4
501,54,3
582,9,3
133,57,3
791,40,4
649,102,4
314,52,4
699,82,3
221,16,3
438,8,3
46,87,4
192,36,4
379,15,4
788,102,4
691,97,3
39,23,4
293,107,3
690,3,3
162,30,3
331,45,4
104,114,4
161,58,3
799,58,4
635,96,4
54,110,4
242,7,3
890,39,2
113,78,4
318,58,3
23,56,4
558,15,4
824,44,3
647,12,4
118,8,3
701,80,4
643,41,3
418,46,3
113,88,3
44,120,4
128,29,4
876,16,5
158,5,4
785,5,3
394,30,3
867,117,3
852,50,3
512,114,3
108,107,3
443,99,4
177,50,4
703,108,4
672,46,3
267,90,4
870,82,3
379,34,4
489,71,3
702,47,3
687,60,4
290,74,3
357,79,4
657,81,3
872,98,3
204,91,4
213,85,3
552,95,3
787,50,3
323,4,3
594,41,4
181,59,4
499,60,3
320,113,3
262,62,3
200,84,3
692,104,3
683,87,3
512,33,3
881,57,2
396,15,3
749,41,3
839,80,3
878,60,4
823,109,3
129,112,3
49,96,3
789,43,4
293,32,2
628,13,4
536,38,4
311,26,3
639,81,4
234,5,4
605,97,3
94,91,5
225,101,2
890,71,3
792,48,4
11,18,3
12,6,4
35,66,3
447,77,5
452,42,3
220,52,3
535,21,3
595,66,4
229,40,4
344,56,4
80,118,5
396,20,3
290,81,4
455,80,3
843,57,4
671,106,4
128,5,4
702,14,3
359,68,3
527,52,4
75,88,3
871,60,3
196,73,3
843,3,3
29,119,4
706,9,3
16,82,4
805,24,4
593,4,2
636,97,3
531,1,3
614,116,3
229,35,4
297,74,3
510,12,4
715,18,4
573,78,4
538,10,3
615,18,3
326,24,4
363,1,3
359,72,3
706,99,4
787,82,3
698,16,3
326,85,4
625,15,4
825,62,3
165,5,3
573,45,2
798,52,4
455,71,3
153,112,3
737,7,3
127,27,3
774,112,3
530,13,3
10,17,4
92,105,3
139,44,2
481,13,3
333,73,3
869,5,4
340,103,4
52,33,4
707,4,4
718,26,4
799,68,3
475,16,4
401,101,3
439,22,4
878,36,3
605,102,3
657,55,4
598,35,4
509,25,4
153,72,4
503,61,3
854,18,4
772,114,3
500,57,5
661,97,3
717,87,4
118,63,3
485,12,5
601,11,3
666,13,4
679,35,3
468,27,4
161,89,3
270,104,3
56,67,3
849,89,3
149,45,4
46,74,3
144,81,4
750,67,2
340,102,3
344,20,4
387,48,3
473,18,3
275,77,4
598,101,3
636,93,3
202,6,4
662,39,4
558,11,3
113,112,4
91,25,3
141,108,3
289,108,3
730,94,4
411,84,4
377,58,3
384,37,3
846,16,3
152,95,2
751,70,4
319,96,5
369,73,3
606,37,4
560,53,4
703,87,4
462,16,3
12,18,3
156,19,3
684,44,3
477,2,3
401,58,3
177,76,3
341,46,4
57,82,3
855,19,3
852,38,3
203,91,5
697,112,4
633,78,5
738,45,3
202,117,3
330,34,4
363,2,4
356,83,3
555,48,5
887,94,4
23,7,4
155,27,4
186,85,4
249,71,4
749,112,3
805,89,4
134,102,3
321,18,3
390,33,3
434,33,5
22,96,4
873,25,3
600,14,4
125,38,2
51,62,3
728,82,4
176,10,3
870,35,4
253,99,4
246,104,4
739,118,3
106,23,3
316,65,3
302,82,3
548,79,4
716,25,4
268,53,3
170,84,3
551,17,3
455,57,3
651,75,3
564,89,3
799,20,3
141,42,3
146,45,3
425,113,4
314,31,4
184,117,3
664,65,4
713,52,3
128,80,3
287,112,3
823,92,2
253,21,4
700,3,3
386,98,3
230,70,4
271,43,3
771,29,4
811,3,3
415,58,3
198,33,3
323,75,2
56,45,3
831,69,4
203,114,4
783,32,4
621,111,3
628,82,4
422,52,4
815,64,3
57,116,3
562,103,4
594,40,4
372,92,3
617,13,2
600,90,4
872,89,2
84,74,3
43,29,3
666,110,5
839,63,3
606,102,4
133,118,3
395,26,3
65,96,3
290,103,3
376,102,4
769,59,4
467,49,3
213,88,4
148,31,4
573,104,2
471,12,3
149,58,2
88,36,3
396,7,3
404,31,3
82,91,3
641,72,4
286,3,3
865,47,3
792,85,4
270,1,4
453,54,4
715,50,4
863,7,4
311,63,3
461,15,3
208,89,4
792,67,4
717,30,3
664,78,3
438,116,4
538,68,3
706,36,3
336,67,3
422,5,4
750,25,4
321,95,3
497,11,3
587,72,4
163,90,4
811,66,3
541,28,4
165,112,3
849,60,3
698,10,3
566,50,3
42,37,3
285,63,3
387,61,3
187,85,4
716,92,2
554,120,3
862,33,5
416,75,2
800,45,3
426,44,4
416,1,3
385,33,4
56,67,3
253,90,4
634,15,4
106,105,4
130,14,4
849,23,3
376,120,4
743,8,3
308,54,3
91,36,2
393,84,4
561,28,4
641,50,3
585,38,4
340,30,3
565,110,4
356,107,4
168,73,3
557,92,3
452,54,3
105,71,3
150,46,3
146,28,3
716,17,3
874,104,4
167,44,4
713,108,3
646,60,4
723,60,4
48,5,4
638,69,3
239,78,4
7,70,4
464,7,3
453,119,3
897,17,3
549,9,3
165,45,4
125,73,3
337,59,4
192,80,4
730,100,3
574,109,4
328,13,4
381,83,3
673,12,4
578,36,3
798,10,4
239,16,3
700,120,2
82,19,4
363,104,3
505,6,4
202,4,3
504,30,3
644,103,5
37,95,4
644,46,4
601,45,3
402,85,4
765,37,4
856,9,4
706,61,3
176,35,3
545,106,4
570,47,4
467,116,3
201,21,3
540,17,4
547,55,3
637,88,4
394,95,4
42,35,4
597,50,4
393,37,4
700,13,3
623,25,4
783,96,3
837,49,4
617,35,3
506,83,3
320,53,3
553,52,3
215,54,3
568,104,3
617,43,3
887,20,3
162,33,3
191,93,3
9,16,3
60,78,3
893,7,3
817,70,4
225,21,3
819,36,4
700,86,3
582,104,4
805,54,4
287,19,3
62,67,3
349,100,3
442,109,3
14,53,3
164,98,3
420,75,3
847,42,4
666,91,5
548,42,4
560,2,3
597,6,4
28,46,4
708,66,4
446,106,3
208,81,3
470,40,4
716,58,3
819,112,4
104,78,3
426,109,4
101,33,4
541,106,4
639,62,3
850,118,3
522,12,4
106,96,3
679,49,3
769,88,4
807,78,4
277,5,3
65,51,4
783,69,4
900,111,3
188,32,3
317,109,3
343,97,4
105,60,4
380,68,3
545,41,3
354,81,4
743,67,3
317,13,3
852,100,3
65,18,3
333,87,4
133,113,4
592,97,4
783,51,3
753,118,3
540,36,4
535,103,4
496,34,4
621,12,3
619,5,4
657,48,3
369,104,4
866,119,4
651,91,3
796,40,3
99,26,3
317,14,4
123,96,4
320,11,3
799,38,3
593,80,3
457,57,3
522,22,4
717,16,4
709,76,3
542,29,4
479,82,3
20,110,3
560,2,4
130,54,4
293,2,2
897,3,3
132,93,4
356,56,4
54,72,3
890,11,4
793,76,3
387,32,3
265,4,3
215,9,3
460,88,4
458,113,5
43,16,4
586,81,4
862,111,3
278,116,4
754,71,3
130,10,3
350,93,2
706,36,3
106,64,3
716,56,4
1,110,3
306,110,2
527,22,4
53,52,4
330,47,3
558,23,3
325,96,4
114,90,3
147,115,3
379,109,3
139,76,4
629,83,4
789,34,4
850,96,4
825,29,4
178,61,3
842,85,3
354,35,3
154,106,3
201,5,3
878,76,4
115,7,3
671,41,4
554,2,3
759,89,4
326,70,3
846,91,3
708,35,4
602,62,2
623,74,4
880,73,3
359,20,4
145,101,4
275,35,4
509,37,3
179,104,3
753,72,3
831,120,2
477,54,3
843,95,3
414,113,3
153,107,2
104,80,3
75,28,2
128,70,4
711,32,3
666,92,3
568,11,3
531,30,3
159,9,3
538,92,3
426,88,3
681,59,3
23,28,3
47,88,3
525,79,3
729,103,3
834,114,4
706,33,3
144,47,4
585,98,4
668,22,4
419,34,3
681,42,4
799,52,3
416,74,2
456,45,3
297,120,4
112,75,3
230,118,3
96,34,4
680,21,4
378,13,4
156,54,3
421,25,3
105,118,3
705,21,4
330,1,4
439,58,3
132,69,4
867,117,4
843,13,4
270,109,4
396,23,4
557,21,4
464,6,4
675,20,4
331,40,4
253,9,3
681,50,3
285,28,4
274,11,3
20,116,3
239,96,3
270,75,3
418,88,2
826,105,3
104,35,4
682,81,3
186,25,2
128,113,3
414,19,3
253,31,4
19,81,3
136,87,3
223,63,3
3,47,4
854,58,3
654,106,3
499,26,4
521,34,3
702,19,3
862,78,4
677,72,3
139,115,4
291,48,4
53,25,3
687,24,4
715,84,4
648,120,2
4,94,4
667,69,4
684,67,4
870,32,3
47,17,4
94,61,3
560,106,4
859,11,3
213,38,3
436,68,3
852,103,3
508,19,3
836,103,3
651,110,4
381,87,3
516,13,3
76,91,5
841,1,4
816,82,3
768,100,3
410,109,3
614,97,4
106,100,3
845,66,4
551,68,3
476,16,4
826,4,4
275,57,4
88,73,3
723,113,4
881,85,3
442,117,4
540,2,3
245,67,4
578,87,4
717,7,2
570,100,3
713,44,3
737,33,3
893,64,3
84,4,3
143,118,4
352,23,4
545,25,3
152,105,2
158,90,5
446,92,4
763,85,4
624,27,3
656,51,2
721,79,3
224,118,3
43,81,4
264,103,3
756,99,3
3,69,3
637,80,2
268,23,3
596,103,3
16,112,4
464,33,4
59,35,4
177,104,3
63,50,4
561,24,4
307,88,2
246,114,4
289,24,3
798,19,4
332,39,4
527,61,3
850,25,4
255,116,3
510,102,3
791,25,3
718,27,4
606,32,4
737,11,3
813,69,4
271,107,3
558,16,4
230,11,3
249,75,4
246,74,4
587,98,4
157,116,3
702,87,4
564,55,4
88,25,3
851,104,3
662,111,4
20,96,4
33,34,4
840,12,4
793,88,3
558,104,3
866,29,4
825,51,4
343,23,3
133,33,3
857,77,3
272,118,4
246,41,4
176,74,2
628,63,4
317,14,4
783,88,3
705,62,5
662,75,4
131,46,3
102,67,4
782,53,3
722,52,3
338,101,4
10,81,4
49,84,4
623,11,4
321,108,2
731,25,3
569,59,3
625,66,4
133,27,3
57,93,3
376,101,4
349,11,3
271,55,3
483,19,3
869,39,3
887,85,4
76,90,4
158,86,4
643,11,3
122,60,4
41,36,4
167,104,4
642,41,4
23,2,4
279,57,3
763,107,4
469,60,4
400,20,5
9,22,4
13,103,2
819,4,4
832,56,3
52,93,3
612,88,3
705,65,4
402,88,3
191,58,3
51,30,3
393,76,2
680,101,3
823,62,3
621,104,3
719,107,4
622,68,4
196,79,2
417,84,4
664,44,3
420,84,4
755,118,3
640,119,3
617,61,3
522,21,4
356,10,4
148,30,4
365,24,4
652,55,4
702,104,3
402,52,3
606,104,2
492,38,3
229,67,3
575,93,3
852,8,4
268,119,4
793,69,4
11,75,3
320,68,3
713,49,2
126,58,4
306,35,3
702,50,3
511,40,3
89,120,3
355,12,4
628,85,4
352,16,4
14,85,5
257,48,3
443,1,4
840,65,4
837,22,4
389,15,3
617,116,4
483,84,3
147,67,3
279,14,3
521,73,4
630,19,3
606,40,3
434,98,4
144,4,4
289,33,3
386,43,3
14,37,3
257,66,4
346,27,4
698,45,3
400,113,5
207,50,3
172,95,3
464,63,3
270,105,4
221,6,4
152,116,4
623,95,4
183,67,3
851,67,4
72,97,4
418,116,4
283,13,3
74,21,4
355,64,4
727,37,4
497,80,2
328,85,4
535,120,2
580,48,5
447,56,5
373,44,4
93,4,3
321,95,3
384,112,3
575,33,4
736,37,3
737,53,4
881,101,2
346,24,3
849,89,3
103,51,3
215,41,3
192,29,4
672,59,3
884,40,4
719,51,4
781,50,3
194,111,3
380,36,2
403,79,3
664,109,3
749,60,2
600,18,3
11,20,3
187,5,3
726,18,4
15,40,3
297,19,4
411,87,4
585,26,4
52,113,3
640,29,3
28,59,4
17,98,3
351,83,3
428,62,4
831,62,3
229,18,2
766,66,3
294,103,5
743,70,3
753,59,3
582,6,2
104,31,3
204,105,3
53,104,3
375,94,4
842,56,3
54,54,4
335,41,3
135,18,3
58,87,4
105,102,4
522,92,4
496,36,4
253,25,3
668,82,4
158,20,4
549,5,4
631,18,3
754,104,3
725,35,3
820,111,3
101,110,3
56,65,3
332,63,3
836,85,4
751,72,3
393,71,3
743,41,4
874,50,4
381,108,4
92,104,3
791,104,3
447,30,3
109,38,3
317,35,3
168,66,4
812,46,4
435,8,3
442,102,3
218,68,5
222,37,3
673,85,4
528,13,3
278,73,3
569,45,3
574,29,5
839,88,3
754,16,4
602,12,3
30,19,4
359,30,2
288,16,4
86,88,3
234,13,4
747,69,3
365,62,3
777,120,3
799,102,3
839,31,3
269,53,4
698,120,2
131,17,4
803,49,3
789,49,4
832,67,3
351,26,3
180,13,3
480,38,3
889,22,3
163,85,4
783,29,3
888,45,4
96,46,4
774,39,3
510,69,3
365,78,3
800,68,3
436,97,3
225,20,3
412,77,3
118,109,4
192,35,4
107,113,4
783,36,3
390,6,3
244,120,3
585,86,4
869,70,4
468,106,4
866,100,3
538,73,4
637,46,3
635,38,3
309,97,3
696,18,3
699,12,4
860,47,4
186,1,4
856,15,4
253,111,3
13,91,3
76,21,4
51,1,3
787,93,3
149,67,3
731,12,4
122,28,5
280,37,3
538,95,2
685,60,4
156,31,3
238,58,3
376,97,4
82,97,3
492,111,2
356,104,5
273,11,3
580,110,5
44,29,5
573,89,3
123,119,4
349,13,3
708,51,3
330,108,2
409,54,4
323,19,3
770,36,3
89,28,3
433,68,3
794,102,3
99,107,3
539,89,3
601,41,3
146,35,3
257,105,3
189,93,4
871,99,3
899,84,4
503,81,2
708,117,3
809,76,3
677,50,2
819,100,3
271,74,3
114,72,4
568,115,3
359,77,3
614,70,4
798,107,4
887,51,4
287,85,3
692,21,3
762,88,3
743,27,4
472,27,4
23,50,4
560,29,4
109,39,3
296,57,4
681,37,4
868,93,4
203,48,4
325,22,4
825,100,4
785,30,3
244,28,3
47,97,3
761,4,3
622,61,3
13,96,4
380,4,3
365,65,3
602,12,4
342,13,3
860,34,4
792,59,3
221,93,4
772,71,3
625,13,3
46,54,3
504,2,3
274,33,4
555,50,5
208,7,4
861,18,4
615,51,3
124,8,3
10,55,4
187,43,3
668,30,3
60,59,3
761,9,3
899,92,3
782,39,3
442,81,3
217,11,4
2,2,4
536,23,4
718,63,3
832,114,3
711,22,4
356,61,3
792,12,4
667,32,3
165,9,4
734,107,3
91,69,4
167,90,4
207,71,4
282,93,3
65,33,3
888,24,4
516,89,3
157,95,3
761,93,3
769,69,4
747,38,4
306,109,3
878,11,4
395,32,4
74,64,4
187,72,4
574,20,4
337,34,4
568,42,3
623,8,4
730,66,3
533,79,2
141,70,4
265,5,4
139,118,3
459,118,4
70,67,3
385,107,3
630,43,3
198,16,4
726,73,3
568,35,3
799,83,3
805,43,4
687,110,5
859,98,3
882,39,3
640,10,3
890,20,4
325,1,3
442,6,4
804,53,3
288,46,4
226,66,3
560,33,4
714,67,3
498,100,4
849,77,4
60,35,4
257,45,3
239,107,3
38,17,5
25,5,3
410,85,3
461,57,4
417,95,3
357,40,4
383,117,4
809,120,3
158,30,4
569,42,4
433,7,3
48,113,4
328,71,4
433,91,3
56,19,4
268,120,4
69,34,3
728,22,3
601,52,4
793,91,3
257,6,4
672,74,3
490,109,3
643,25,4
49,66,3
316,74,3
434,5,4
2,86,5
841,68,4
145,119,3
366,98,3
420,71,3
573,50,3
785,17,3
561,11,3
444,50,4
434,8,4
643,92,3
555,108,4
57,120,3
562,97,3
178,116,3
293,62,3
46,89,3
170,85,4
271,76,3
417,90,3
848,29,3
139,102,4
247,99,3
148,101,3
230,110,4
792,44,3
637,109,3
704,45,3
374,29,3
80,113,5
606,88,3
738,59,3
65,15,4
88,70,3
88,96,3
713,44,3
726,98,3
204,36,3
601,57,3
476,117,3
573,64,4
783,76,3
606,99,3
819,113,4
539,38,3
74,17,4
698,17,4
12,64,3
814,119,3
415,39,3
160,115,4
237,66,4
739,54,3
181,29,3
829,45,3
558,88,3
341,88,3
458,80,4
80,31,4
647,49,4
772,107,3
820,9,3
759,27,4
473,56,3
671,105,4
715,78,3
112,45,3
822,43,3
631,108,3
383,22,3
17,99,4
493,33,5
331,27,5
739,40,3
873,26,3
117,103,3
555,45,5
880,26,4
115,70,3
549,6,3
814,28,4
625,67,3
547,13,3
644,63,4
336,13,3
336,77,3
889,1,4
147,37,2
122,31,3
81,116,3
685,17,4
666,9,4
662,109,4
375,64,4
570,57,4
63,13,3
504,37,4
668,14,4
428,25,4
868,95,3
427,78,3
421,57,3
680,88,3
597,100,3
649,42,4
461,42,4
459,47,3
189,116,4
464,44,4
379,41,3
2,3,4
618,111,3
72,90,4
427,111,3
638,90,4
170,1,3
825,11,3
337,101,4
472,7,3
195,12,3
275,54,3
7,67,3
566,106,3
854,90,3
850,118,4
573,94,4
599,32,3
770,100,3
178,45,3
242,51,3
203,37,4
462,54,3
80,18,4
417,117,3
766,21,4
384,28,4
799,48,3
688,28,4
126,22,4
47,112,3
718,1,3
476,95,4
619,116,3
464,116,3
787,42,3
849,98,4
123,110,4
474,104,3
134,70,3
619,92,3
817,3,4
841,95,3
562,80,3
849,81,3
607,44,3
23,51,4
566,24,2
766,32,4
235,99,5
59,13,4
164,112,3
771,43,3
826,20,3
183,116,3
569,2,4
657,68,4
90,91,4
311,60,4
557,89,3
257,4,3
533,96,3
533,17,3
52,1,3
338,33,5
171,30,3
625,118,3
672,102,3
832,38,2
837,58,3
506,109,3
28,40,4
628,96,4
51,24,4
693,12,4
260,111,3
785,19,3
620,29,3
586,85,4
687,90,4
184,52,4
23,92,3
786,17,4
129,73,3
291,21,3
832,114,3
501,60,4
186,98,4
479,75,2
492,20,3
643,53,3
805,111,3
467,103,3
285,80,3
601,63,3
417,57,3
100,29,5
189,1,4
890,82,3
388,64,4
241,86,3
782,72,4
731,71,4
417,89,4
176,94,3
387,98,3
471,44,3
853,48,3
233,105,3
663,116,3
452,75,3
277,15,3
229,35,3
171,23,3
213,45,3
282,85,4
41,92,4
122,13,4
227,34,4
294,38,4
600,70,3
267,108,3
541,68,5
759,5,4
451,40,4
756,21,3
502,3,4
147,23,3
686,72,3
881,75,2
891,50,3
44,58,3
144,92,3
865,20,2
333,108,3
497,116,3
396,92,3
307,72,4
870,83,3
417,112,3
673,85,4
797,82,3
325,9,3
671,41,3
80,25,4
112,73,3
558,9,2
865,82,3
717,75,3
564,13,3
472,9,3
74,80,3
553,4,3
479,34,3
387,15,3
699,38,4
882,75,3
564,96,3
433,91,3
412,94,4
467,52,3
599,81,3
621,100,3
737,83,3
581,107,4
120,45,4
573,21,4
703,3,3
470,14,3
493,2,3
701,29,5
663,18,3
286,37,3
608,45,5
312,45,3
309,24,3
113,12,3
637,53,3
456,45,2
132,18,4
806,23,3
634,54,4
794,74,3
897,55,3
772,69,3
39,114,4
566,40,4
512,14,3
474,98,3
161,28,4
289,72,4
200,80,3
788,95,3
528,71,3
685,67,4
503,29,4
383,61,3
218,103,5
82,9,3
62,119,3
799,17,4
500,49,3
42,63,4
12,84,4
841,93,2
643,13,3
115,100,4
218,45,4
649,53,4
106,17,4
691,47,3
528,62,3
472,50,3
754,43,3
846,68,4
893,84,4
387,75,3
226,106,4
481,86,3
754,109,4
408,118,3
457,72,4
711,41,4
624,94,3
639,97,3
21,97,3
601,118,2
815,36,2
203,91,4
417,84,3
416,33,4
512,108,2
167,19,4
384,47,3
468,85,3
72,106,3
521,120,3
793,67,4
473,14,4
258,79,2
275,33,4
750,42,3
20,86,2
490,65,3
490,47,3
733,35,3
326,117,3
529,84,4
89,55,4
708,76,4
350,51,2
84,80,3
387,59,3
307,120,3
850,14,4
154,18,2
440,55,3
264,97,4
421,56,3
493,108,4
633,49,5
411,98,3
173,60,4
4,113,4
854,53,3
640,71,4
472,6,4
867,86,2
37,8,4
381,39,3
268,3,3
11,57,4
344,10,3
840,3,4
569,46,3
700,67,2
342,65,4
19,19,4
628,100,4
184,62,4
782,98,3
545,57,4
10,95,3
592,107,3
192,88,4
320,76,4
702,13,3
580,16,4
475,16,4
860,115,3
637,119,3
427,52,3
848,117,4
59,84,4
436,41,3
496,91,5
787,39,4
661,13,3
278,4,4
265,96,4
9,109,3
457,104,4
273,103,3
813,43,4
8,81,3
208,88,3
637,93,3
123,46,3
33,92,3
204,47,3
518,86,4
809,92,3
443,25,3
592,41,3
786,3,4
850,95,4
438,18,3
136,43,3
387,34,3
25,81,3
506,55,3
325,52,4
695,85,3
680,36,4
338,54,4
690,59,3
885,114,4
95,120,3
545,52,3
623,104,5
146,19,4
893,12,4
231,92,4
848,48,4
38,92,3
425,99,4
647,108,4
846,79,3
747,16,4
437,109,4
831,71,3
160,31,3
662,8,3
820,89,5
541,61,3
144,44,5
588,50,4
657,35,4
741,76,3
859,119,3
269,90,4
840,55,4
696,66,3
773,14,4
268,110,3
771,17,3
739,111,4
33,112,3
377,69,3
562,49,3
440,55,3
492,71,3
393,23,3
489,111,3
722,81,3
29,12,3
39,11,4
859,115,3
612,75,3
173,98,4
17,111,3
56,101,2
226,114,4
558,29,4
654,117,3
23,100,3
606,91,3
754,119,4
237,106,4
566,86,3
473,111,4
845,100,3
553,94,3
610,59,2
695,71,4
640,57,4
229,76,3
317,3,4
598,81,4
768,105,4
721,32,3
727,8,3
612,102,3
561,30,3
201,15,2
258,74,2
480,55,4
888,38,4
178,15,4
123,46,3
342,64,4
171,26,3
845,115,3
648,109,3
59,78,4
705,67,4
260,78,3
373,31,3
95,78,3
125,40,4
41,74,4
891,73,3
254,46,3
7,104,3
471,107,3
728,42,4
511,18,3
581,100,3
69,36,3
81,76,4
542,50,4
585,61,3
262,40,3
89,3,4
208,82,3
213,7,3
834,31,3
293,95,3
207,64,3
333,118,4
288,93,3
47,3,3
622,93,3
200,35,3
427,15,3
888,62,4
420,83,3
154,28,3
522,4,4
415,109,3
157,79,3
769,39,4
131,67,3
455,58,3
163,2,4
15,114,4
195,11,2
861,1,4
542,48,4
359,113,3
850,48,4
331,10,4
427,81,3
497,30,4
330,34,4
889,76,4
147,107,3
259,81,3
811,115,3
143,13,3
747,103,3
365,75,4
90,64,4
720,7,4
164,45,4
481,45,4
84,85,4
673,94,3
485,115,3
603,47,3
599,46,3
782,29,4
104,99,3
452,117,3
687,61,4
566,103,4
900,65,3
478,23,4
723,95,3
607,120,3
223,51,3
9,63,3
53,99,3
718,111,3
503,109,3
316,22,4
814,110,4
822,71,3
842,33,3
624,109,2
863,100,3
165,44,2
279,7,3
27,91,4
70,2,3
218,17,4
365,65,3
701,58,3
845,110,3
306,30,4
124,86,3
19,92,2
257,117,3
296,97,3
22,26,4
880,35,4
552,75,3
48,28,4
695,25,3
587,61,3
721,105,3
183,31,3
435,54,3
107,67,4
188,97,3
776,51,2
86,58,3
836,34,3
843,59,3
456,21,4
336,113,3
607,19,3
469,85,4
602,78,3
403,53,3
540,71,3
72,93,4
782,63,3
624,62,2
812,72,3
485,103,4
56,77,3
223,110,3
179,75,3
800,2,3
434,113,4
793,29,3
884,41,3
492,51,3
189,5,5
578,41,3
420,30,4
249,103,5
588,62,3
649,100,4
164,27,3
255,82,2
476,52,4
806,49,3
417,62,3
170,100,4
317,60,4
174,118,3
470,80,4
18,5,4
70,9,3
338,34,4
628,98,5
592,36,3
527,95,4
688,116,3
456,20,3
269,81,4
631,84,4
811,92,3
188,85,4
569,83,2
711,63,4
529,67,3
434,30,3
288,69,3
567,106,3
499,70,3
781,49,3
438,1,2
541,114,4
22,115,4
797,52,3
560,36,3
762,105,4
675,38,4
503,44,4
714,82,4
467,87,3
101,47,3
675,51,4
685,41,4
141,86,3
578,88,2
840,48,4
684,114,4
686,5,4
663,61,3
302,6,3
86,53,4
253,95,4
533,17,3
769,59,4
891,97,4
381,39,3
444,54,4
33,48,3
260,37,3
234,48,4
515,68,4
859,107,4
308,78,3
739,77,4
796,27,3
70,88,3
439,72,3
825,117,4
766,52,3
481,47,3
144,114,5
425,21,3
845,57,4
325,95,3
869,91,4
671,42,3
860,110,4
348,48,4
798,27,4
18,72,3
44,33,4
155,76,3
867,35,3
377,98,3
743,16,4
883,36,2
402,76,3
225,91,4
217,56,4
568,17,3
869,85,4
59,94,3
235,18,4
107,18,3
191,2,4
530,76,4
738,96,4
679,106,4
874,51,4
566,10,3
245,75,3
862,14,4
76,26,4
547,47,3
267,30,3
317,56,4
812,119,3
836,4,3
25,103,3
160,24,3
596,118,3
114,86,4
900,37,3
502,2,4
703,21,4
1,71,4
899,64,4
741,68,3
86,43,3
574,54,4
320,105,3
401,100,3
718,86,3
617,93,3
318,73,3
803,90,4
250,12,4
525,112,3
675,1,4
555,72,3
623,64,5
717,116,3
256,68,4
307,14,3
144,119,3
813,9,3
298,49,4
233,111,3
271,106,3
60,17,3
296,105,4
467,68,4
235,60,4
677,110,3
706,3,4
234,93,4
695,21,3
845,12,3
873,1,3
491,1,2
619,45,3
503,46,3
890,48,3
592,10,4
381,40,4
696,11,3
428,56,4
697,46,3
646,45,2
800,13,3
202,105,3
882,81,2
146,50,3
836,61,3
639,115,3
457,13,3
135,12,4
264,85,3
491,20,2
647,31,4
41,8,4
296,24,3
3,75,3
706,39,2
221,42,3
370,15,4
436,65,4
4,32,3
244,11,4
395,19,3
474,51,2
17,100,3
728,34,3
92,71,3
483,60,3
502,53,4
400,12,4
207,62,3
619,96,3
146,66,3
879,86,3
101,105,4
880,48,4
880,24,4
241,50,3
759,95,4
163,68,4
884,88,3
173,43,4
502,17,4
547,104,3
284,83,4
359,104,3
381,102,4
870,55,3
533,34,3
820,111,3
163,97,4
609,70,3
307,60,3
333,77,4
127,111,3
705,73,3
243,35,3
861,34,4
600,16,2
848,82,3
409,18,4
503,38,4
727,114,3
464,7,3
235,87,3
696,87,3
38,46,4
139,61,3
195,18,2
527,71,3
769,106,4
647,40,4
1,88,3
561,78,3
96,50,4
713,5,3
538,54,3
855,86,3
235,22,4
349,74,2
756,90,3
870,79,3
481,38,3
839,105,3
396,106,3
351,119,3
416,49,3
887,78,3
51,36,4
81,95,3
36,28,4
641,35,3
882,60,4
667,103,3
623,87,3
680,46,4
481,108,3
468,83,3
356,79,4
709,61,3
471,65,3
621,89,3
888,26,4
673,57,4
439,79,4
531,63,4
127,4,4
29,42,3
719,45,4
464,39,3
280,118,3
151,65,3
105,102,4
433,37,4
497,115,3
440,90,3
748,51,3
685,91,4
158,58,3
172,77,3
311,8,4
403,110,3
770,115,3
666,108,4
367,91,4
643,46,4
870,38,3
255,111,3
208,13,3
95,11,3
860,74,4
839,97,4
478,103,3
683,50,4
762,119,4
190,67,3
711,41,3
484,29,4
733,37,3
536,119,3
756,56,3
836,80,2
640,16,3
605,44,2
812,50,5
133,107,4
510,71,2
541,102,4
410,6,3
666,19,4
293,116,4
734,51,4
115,66,3
259,110,3
763,118,3
122,89,3
381,49,4
561,28,4
889,38,4
841,28,4
501,32,3
297,115,3
438,36,2
127,107,3
221,87,4
91,66,3
411,10,3
8,70,4
468,79,3
320,109,3
394,93,4
269,63,4
191,92,3
861,22,4
675,98,3
438,33,4
264,15,4
797,7,4
95,88,4
553,90,3
470,50,4
661,10,3
716,79,3
690,88,3
194,75,3
899,63,3
336,21,3
435,104,3
196,102,3
855,79,3
249,79,4
498,37,4
874,85,4
651,108,3
221,84,4
273,33,4
154,3,3
249,104,4
279,87,4
440,44,4
816,111,3
88,35,3
799,25,3
642,96,4
505,86,3
772,120,3
241,115,3
675,102,4
128,92,4
503,28,3
200,75,3
502,64,4
492,2,3
21,59,3
234,37,3
714,4,4
791,41,2
643,45,3
416,109,3
148,111,3
29,34,3
308,13,2
883,7,3
162,32,3
869,23,4
852,49,3
125,114,3
456,111,3
876,98,4
243,29,4
490,37,4
761,23,3
221,38,4
473,93,3
533,44,2
899,52,4
82,40,3
856,11,3
879,78,4
522,120,3
12,113,4
263,106,4
657,2,4
192,45,4
762,49,3
114,35,3
783,92,2
499,72,4
508,32,3
545,68,3
62,109,3
229,71,3
815,39,3
607,48,3
35,91,3
705,37,3
456,60,4
588,81,3
891,74,3
502,4,3
761,23,4
595,14,4
25,5,3
569,66,3
831,24,3
12,18,4
319,27,4
845,24,3
1,11,3
435,112,3
136,112,3
196,117,3
133,4,4
86,33,3
476,78,5
807,108,3
791,120,3
180,32,3
516,51,2
638,4,4
763,85,4
21,67,4
105,89,3
578,68,2
443,62,4
49,47,3
528,75,2
145,80,4
340,59,3
762,100,4
855,6,3
354,95,3
75,40,3
794,23,3
578,52,3
637,4,3
319,37,3
553,101,2
698,44,3
866,97,3
847,42,4
783,101,3
42,19,4
93,115,3
697,84,4
727,32,3
507,44,4
529,55,3
265,80,3
464,46,3
804,76,4
560,45,3
819,21,4
887,101,3
95,22,4
326,30,3
74,23,3
336,5,4
758,93,3
208,94,3
884,82,3
766,110,4
221,114,3
262,52,3
410,65,3
331,39,3
344,81,3
771,3,3
820,42,4
74,71,4
637,27,3
700,28,3
254,108,4
820,95,4
747,15,3
762,119,4
332,53,2
398,112,4
747,92,3
836,4,4
668,94,4
455,107,2
115,17,3
834,36,4
245,103,3
818,39,3
528,66,3
427,8,2
42,15,4
622,91,3
278,80,4
836,65,3
19,59,4
167,7,4
585,112,4
403,74,3
822,76,3
409,81,4
112,109,3
274,12,4
407,79,3
373,46,4
597,115,4
651,32,3
39,32,4
105,115,3
793,78,4
414,114,2
635,61,3
730,69,4
889,116,3
612,102,4
307,114,2
354,46,3
393,68,4
204,92,3
258,55,3
446,107,5
709,67,4
180,49,3
342,114,3
133,25,3
443,106,4
836,16,3
253,85,4
265,13,4
93,52,4
662,108,3
411,36,2
208,44,3
637,83,3
573,80,3
307,76,4
646,18,3
318,54,3
113,12,4
378,112,4
191,60,4
891,116,4
440,75,3
187,86,4
831,116,3
367,110,4
89,34,4
187,13,4
819,110,4
132,38,3
872,12,3
635,103,3
560,36,3
800,28,3
376,91,5
691,39,4
692,77,4
99,43,2
842,104,3
582,115,4
171,31,3
366,2,3
59,82,4
181,90,5
19,117,3
226,42,4
473,31,3
95,61,3
881,102,3
297,56,5
593,86,2
222,83,3
615,14,3
54,14,4
695,114,3
863,29,5
403,81,3
318,50,4
867,50,3
349,63,3
443,101,4
580,65,3
540,68,3
786,71,3
282,11,5
360,14,4
823,106,3
631,83,3
646,3,4
641,8,3
8,93,3
563,114,4
491,101,2
341,116,3
472,43,3
793,9,3
687,19,4
695,12,4
704,27,4
249,101,4
235,112,4
93,25,3
885,45,3
394,102,3
824,48,2
268,50,4
417,81,4
529,33,4
253,103,4
122,78,3
10,18,3
799,55,4
316,33,3
273,106,3
306,15,3
805,61,3
730,36,3
753,15,3
464,62,3
728,94,3
717,15,4
416,63,3
80,87,4
480,50,3
891,60,3
547,112,3
18,15,4
165,29,3
525,75,3
202,109,3
741,82,4
346,40,3
366,31,3
319,11,4
217,81,3
871,62,3
640,103,2
724,8,4
824,57,3
80,4,4
677,36,2
252,24,4
12,41,4
401,49,4
816,82,4
724,97,4
282,46,4
112,36,4
723,10,4
378,119,4
751,78,5
268,7,3
298,12,4
317,86,3
570,91,4
509,48,3
365,36,3
547,60,4
271,77,3
474,96,3
739,8,3
234,107,4
59,43,4
847,81,3
86,86,3
763,46,4
390,34,4
180,84,3
719,117,3
856,72,4
149,22,3
765,21,4
605,15,3
256,5,4
766,102,4
864,17,3
800,72,3
309,19,4
59,5,4
69,23,3
446,83,3
388,14,4
86,10,3
786,31,3
227,13,3
593,22,3
184,39,3
792,10,4
318,43,3
566,99,3
709,94,4
899,98,4
293,36,2
293,35,3
485,111,3
899,68,4
447,55,5
803,117,3
692,68,3
412,6,4
508,119,3
734,28,4
786,30,3
890,27,4
244,69,3
420,108,3
154,39,3
816,35,4
424,103,3
273,44,3
647,15,4
825,83,3
128,102,3
373,32,3
568,104,3
638,29,4
159,63,3
570,90,4
652,27,4
176,99,3
620,28,4
447,41,4
586,56,4
167,112,4
460,54,4
357,80,3
304,105,3
233,18,3
884,43,2
182,89,3
634,74,3
715,10,4
29,6,3
714,80,3
93,89,3
841,108,3
868,4,3
688,101,3
330,34,4
723,83,3
184,33,3
95,4,4
785,44,3
649,98,4
749,76,4
265,80,3
647,66,4
656,113,3
19,58,3
743,60,4
646,2,4
499,70,4
139,60,3
637,23,3
716,103,3
573,119,3
762,47,3
525,108,2
255,101,2
458,80,3
562,44,3
92,49,4
600,88,3
69,58,4
37,91,5
765,7,4
764,94,4
867,78,3
893,116,2
680,108,3
566,15,3
178,53,4
809,117,3
813,93,5
871,23,3
618,77,2
190,88,3
640,103,3
342,94,3
559,65,3
5,60,3
257,10,3
812,102,4
662,58,3
806,47,3
243,15,4
787,9,4
720,13,3
415,23,3
707,9,3
343,3,3
682,94,3
379,73,3
594,116,4
666,25,3
826,88,3
146,96,3
323,71,3
122,36,4
252,89,4
855,20,2
899,81,3
311,54,3
601,100,4
475,90,3
570,19,4
492,60,4
575,37,3
820,3,4
473,92,3
280,111,3
72,19,3
521,53,3
366,120,3
94,46,3
373,80,3
437,70,4
336,101,2
664,31,3
492,53,3
868,113,4
359,34,4
574,31,4
254,60,4
581,11,4
398,100,4
877,27,3
170,7,4
690,49,3
701,96,4
511,72,3
260,60,4
459,47,3
529,116,3
882,44,4
341,79,3
57,119,4
218,27,4
619,94,3
816,22,4
685,47,3
731,93,3
464,105,4
247,48,4
730,30,2
373,2,4
417,15,3
559,71,3
646,27,4
108,85,3
839,55,4
418,17,2
620,75,3
398,10,3
272,33,5
683,78,4
116,37,3
841,8,3
586,33,5
256,7,3
81,34,3
128,7,4
235,118,4
553,100,4
181,55,3
157,7,3
857,109,4
761,43,3
704,105,3
473,40,3
400,53,4
592,14,4
134,21,3
421,113,2
213,57,4
900,91,2
348,26,4
348,24,3
849,5,3
398,42,4
726,92,2
435,106,3
221,32,3
308,88,3
798,6,4
697,74,3
719,110,4
99,67,3
242,7,4
158,29,4
610,34,3
554,7,3
651,81,3
227,58,4
72,31,3
243,73,3
530,45,4
472,81,3
855,73,4
652,73,3
734,112,3
92,116,4
22,30,3
172,62,3
192,17,4
179,81,3
238,104,3
135,1,3
877,80,2
280,81,4
19,94,3
595,31,3
777,72,4
112,112,4
763,120,4
870,103,2
680,85,4
221,15,4
304,120,3
703,98,5
325,56,4
437,60,4
438,27,3
170,2,3
375,74,3
557,64,3
381,5,4
14,91,4
743,68,3
500,13,4
646,81,2
549,23,3
565,97,4
530,50,3
492,79,3
699,73,3
385,108,3
196,37,3
755,30,3
815,23,3
547,34,3
727,119,3
731,64,3
602,71,3
308,117,3
252,9,3
8,114,4
768,4,3
208,120,2
131,91,4
736,33,3
709,32,3
654,44,3
764,109,4
608,110,4
623,91,4
635,67,3
186,60,3
484,59,4
680,36,3
51,49,4
891,51,3
5,107,3
160,108,3
208,50,3
257,114,4
767,101,3
11,117,3
8,113,4
409,109,4
540,120,3
718,86,4
387,78,2
640,55,4
767,110,4
475,68,4
724,18,4
751,65,3
207,64,4
318,12,4
557,42,4
617,117,2
348,60,4
793,50,4
234,81,4
701,83,4
44,36,5
737,48,4
648,73,4
176,8,2
654,25,4
592,106,4
82,8,3
135,88,3
719,81,3
856,76,3
177,110,3
383,31,2
243,12,4
567,57,3
141,66,4
457,12,3
440,27,4
56,46,4
527,7,3
697,61,3
826,58,3
419,58,3
88,13,4
609,53,4
656,100,4
8,65,3
477,49,3
215,35,3
685,94,3
552,17,4
497,72,3
503,10,4
782,34,3
699,86,4
245,4,3
478,96,4
309,29,3
231,46,3
383,75,2
155,46,4
848,59,4
115,61,3
390,68,3
311,66,4
18,107,4
12,5,4
404,9,3
813,20,4
704,21,3
605,12,3
730,92,3
278,82,5
541,60,4
470,53,4
813,52,5
521,48,4
15,19,3
525,17,3
172,103,3
869,106,3
485,35,4
489,88,2
462,41,2
378,13,3
588,33,4
164,15,3
372,63,3
573,15,4
424,31,3
477,28,3
155,57,4
257,71,3
756,33,4
344,90,3
277,119,3
673,80,3
259,86,4
307,98,2
847,40,3
95,28,4
464,110,4
246,36,4
733,56,3
635,47,3
187,71,3
774,116,3
785,40,3
373,59,4
572,43,4
408,66,4
125,9,3
337,6,4
341,119,3
563,65,4
178,3,4
651,74,3
839,37,3
170,108,3
39,87,4
69,33,4
560,53,3
381,77,4
57,92,3
277,51,2
850,71,4
99,26,3
527,16,4
325,40,3
461,90,4
179,51,3
574,55,4
119,96,4
469,36,5
549,106,2
646,65,3
455,113,3
490,77,3
8,115,3
516,90,3
533,45,5
149,9,4
25,87,3
655,1,4
555,63,3
425,43,3
293,28,3
185,100,3
554,31,2
317,101,4
398,89,3
565,34,4
596,103,3
76,96,5
865,58,3
709,75,3
798,25,3
88,3,3
747,45,3
7,52,3
804,96,4
52,99,2
655,96,5
396,34,3
221,101,3
428,116,3
143,109,3
861,92,3
363,92,3
561,27,3
277,80,3
271,63,4
14,82,3
298,25,3
464,58,3
527,48,3
234,1,4
575,8,2
708,21,3
27,98,4
471,88,3
93,101,3
617,90,3
309,111,3
52,78,3
319,29,4
181,30,3
569,3,3
120,7,4
820,100,3
43,32,3
647,59,4
885,12,4
260,79,3
645,24,3
255,65,4
336,46,3
553,56,3
502,63,4
900,7,4
255,106,3
707,66,3
242,40,3
149,54,2
850,94,3
620,31,3
453,34,5
393,7,3
668,16,3
538,22,3
594,100,4
595,53,4
131,91,3
612,4,3
256,61,3
479,99,3
561,105,4
63,86,4
311,111,3
407,52,4
105,44,4
617,15,4
837,61,3
15,116,3
687,104,5
259,44,3
723,21,4
412,77,4
259,47,3
614,75,3
260,49,4
856,53,4
671,120,3
813,31,4
763,44,3
331,32,4
165,116,3
521,18,2
401,63,3
374,16,3
65,35,3
387,62,3
794,62,3
693,39,3
415,51,3
794,101,3
791,115,3
30,10,4
328,12,4
492,72,4
217,62,3
320,3,3
891,11,2
105,8,4
696,90,3
330,109,4
660,23,4
617,119,4
47,10,4
599,18,2
641,39,3
770,26,3
314,11,4
147,10,3
462,3,3
652,61,3
410,4,3
27,61,3
29,104,4
271,8,2
686,102,4
501,13,3
253,12,4
385,35,3
60,102,4
107,54,4
220,51,2
771,100,3
883,111,3
564,15,4
572,49,4
96,39,3
89,26,4
231,69,4
275,48,4
246,89,5
234,98,4
278,111,3
477,4,3
417,98,3
678,27,4
128,119,3
237,42,4
803,118,3
619,56,4
128,93,4
707,69,4
851,18,4
394,61,3
475,4,4
655,1,4
395,50,4
90,70,3
763,20,3
280,20,3
333,46,4
224,27,3
101,26,3
132,32,3
13,10,3
457,82,3
120,74,4
293,88,2
816,24,3
711,117,3
1,51,3
572,38,4
250,46,4
652,89,4
149,8,3
395,55,4
44,78,4
883,107,3
698,31,2
620,88,3
44,16,4
226,38,3
162,111,3
793,15,3
253,78,4
132,117,3
884,34,3
887,72,3
474,19,4
656,110,2
109,120,2
706,91,3
35,63,3
467,105,4
275,77,3
187,32,3
243,95,3
264,105,4
522,110,5
678,37,3
541,66,4
783,7,3
535,11,3
46,87,3
467,31,3
540,44,4
516,32,3
311,112,3
135,1,4
586,93,4
531,68,4
156,36,3
849,79,3
668,59,3
147,67,3
485,56,4
599,51,2
20,29,3
269,85,4
333,2,4
555,6,3
401,31,3
306,54,3
28,88,4
467,40,3
260,17,4
887,2,4
101,58,3
551,12,4
682,41,3
296,20,4
130,1,3
156,56,4
74,70,4
342,56,4
90,11,4
455,95,3
748,28,4
332,107,3
739,120,3
348,5,4
233,90,4
598,117,3
102,31,3
481,28,3
108,102,3
165,9,4
603,39,3
704,99,4
335,43,3
86,27,4
734,76,3
424,89,3
613,107,4
738,93,3
60,98,3
250,91,4
560,56,3
117,120,3
739,2,3
874,14,4
545,13,3
44,24,4
509,69,3
165,34,3
857,87,4
849,30,3
856,49,4
799,16,4
876,52,4
737,114,3
286,116,3
204,104,3
684,98,3
524,49,4
819,11,4
756,112,3
664,47,4
664,79,3
188,35,4
13,71,3
603,29,4
200,108,3
586,54,4
768,86,4
456,23,4
788,99,4
840,115,3
841,10,4
796,48,3
130,112,4
889,76,3
43,93,4
13,87,3
725,26,3
623,37,3
803,96,3
535,52,3
302,38,3
766,6,3
527,8,3
642,17,4
573,76,3
115,62,3
460,86,5
832,78,3
505,34,4
308,19,4
325,70,3
761,100,4
851,37,4
172,15,3
502,102,4
284,9,3
475,53,4
54,118,3
458,70,4
420,66,3
614,80,4
703,1,4
409,30,3
304,112,3
559,97,5
222,1,3
533,39,3
158,16,4
348,17,4
159,112,4
889,112,4
884,102,3
235,82,4
662,22,3
257,99,3
677,31,2
597,27,4
558,36,3
47,119,4
213,4,3
479,113,3
566,25,3
342,95,3
524,78,5
704,30,4
503,47,3
144,45,4
585,55,4
686,30,3
270,14,4
447,56,5
874,19,4
222,86,4
52,26,3
116,71,4
538,92,4
565,38,4
877,69,3
541,36,4
19,18,4
815,57,3
392,78,3
791,112,3
629,23,3
618,119,3
419,116,3
309,14,4
739,96,4
864,69,3
186,22,4
528,43,2
273,76,3
160,18,3
870,100,3
762,95,3
224,77,3
256,84,3
180,109,3
20,36,2
624,119,3
706,7,3
468,23,3
623,34,4
58,96,4
93,21,3
221,70,4
723,80,3
774,118,3
615,53,3
562,84,3
374,106,3
622,41,4
456,75,3
88,32,3
20,14,3
14,88,4
133,108,3
208,17,4
813,25,3
592,73,3
155,119,4
172,35,3
289,37,4
545,55,4
812,17,4
788,28,3
879,1,3
420,53,4
7,73,3
160,55,3
536,13,4
726,47,3
70,64,3
880,32,4
104,53,4
727,31,4
54,8,3
806,72,3
330,98,3
848,87,3
203,74,4
288,101,3
829,25,3
198,115,3
481,109,3
309,68,3
435,97,3
332,66,3
696,112,2
27,46,3
318,5,4
274,110,4
383,17,4
365,76,3
103,52,3
503,12,4
845,62,4
373,35,4
245,21,3
817,85,4
628,53,4
418,15,3
356,75,4
478,74,3
125,82,3
706,31,3
612,55,3
402,120,3
531,53,3
682,66,3
786,39,3
254,7,3
661,32,3
37,87,3
342,29,4
13,25,4
183,56,4
657,31,3
265,66,3
88,2,3
462,87,3
46,47,4
392,75,4
119,29,3
531,106,4
447,99,5
606,32,3
763,30,3
762,15,3
794,62,3
46,115,4
508,22,3
558,116,2
597,81,3
831,16,3
840,52,4
3,8,3
28,64,4
381,39,3
157,31,2
855,12,3
511,33,4
333,58,3
687,25,3
114,38,3
389,48,4
843,83,3
250,55,5
715,99,4
239,35,3
234,51,4
607,37,3
113,16,4
621,92,3
857,33,3
847,43,3
16,30,3
556,41,4
376,117,4
390,66,4
620,60,4
217,9,3
260,31,4
824,89,4
320,101,2
196,100,3
478,119,4
418,69,3
475,24,3
607,24,3
568,93,3
231,45,4
884,95,2
521,37,3
703,58,3
873,120,3
200,83,3
846,23,3
673,35,4
599,63,4
21,118,3
311,114,3
588,6,4
638,101,4
763,30,3
900,1,3
596,63,3
434,8,4
560,89,3
891,33,4
542,38,3
285,52,4
648,78,2
553,2,3
282,53,3
562,94,3
258,94,2
823,68,3
360,77,4
440,7,3
270,102,4
134,67,3
640,78,3
104,116,3
766,63,3
95,11,4
849,37,3
729,14,3
573,19,4
480,8,3
241,59,3
13,63,3
147,7,4
601,55,2
95,3,4
293,18,3
25,45,4
272,97,4
505,101,3
762,36,3
654,79,3
646,29,4
791,59,3
638,18,4
491,110,3
141,46,4
868,83,4
103,29,4
226,70,4
575,109,2
294,50,3
306,55,3
254,27,4
180,7,4
776,83,3
701,81,4
737,5,4
700,42,3
825,106,4
483,116,4
430,75,4
22,10,3
343,28,4
173,14,4
439,77,4
179,69,4
598,61,3
133,51,3
351,42,2
525,8,3
540,50,3
506,1,3
84,69,4
464,11,4
861,107,5
343,48,4
280,10,3
866,15,3
263,103,5
293,93,3
509,25,3
580,112,5
226,6,4
170,11,3
598,17,4
645,15,3
690,56,3
855,66,3
502,36,3
764,83,2
527,38,4
379,85,4
201,75,2
619,105,4
250,3,4
409,98,4
601,18,2
125,79,2
113,89,3
759,114,4
496,115,3
678,79,3
150,94,3
343,82,3
580,95,4
733,114,3
783,107,4
321,82,3
822,119,3
861,99,5
289,63,3
489,14,3
492,59,4
612,36,3
252,18,4
647,14,4
392,25,3
412,44,4
173,39,4
201,104,3
217,61,3
376,62,4
720,53,3
586,53,3
11,28,3
799,35,3
768,118,3
12,65,4
435,50,3
684,71,4
608,9,3
818,36,3
373,23,3
273,88,4
897,74,2
691,50,3
509,112,2
132,12,4
855,83,3
319,24,4
853,67,3
621,104,3
785,27,3
168,61,3
180,73,3
58,51,3
480,64,3
460,77,4
369,36,4
719,11,4
582,68,3
17,68,4
496,116,3
497,64,3
505,1,3
69,11,3
727,87,4
161,2,4
614,83,4
888,93,4
718,40,3
145,119,4
569,116,3
595,4,4
385,80,4
269,111,3
699,61,3
518,91,4
865,5,4
350,15,3
483,113,3
407,67,4
51,107,4
403,26,3
563,6,4
476,44,4
596,81,3
42,46,3
731,102,3
57,42,3
738,48,4
196,114,3
760,27,3
678,20,4
62,70,4
263,115,4
112,35,4
765,76,3
711,48,4
178,67,4
410,68,3
758,52,3
531,109,3
777,68,4
317,4,4
106,21,4
749,108,3
818,66,3
464,16,4
246,7,3
81,83,3
662,107,3
396,97,4
522,9,3
736,17,4
264,91,4
661,97,4
274,12,4
706,57,3
172,45,3
265,120,3
822,11,4
469,31,4
862,77,4
476,102,4
356,26,4
264,22,3
816,20,3
695,85,4
754,83,3
566,35,3
462,26,3
168,71,4
631,37,3
655,8,4
81,5,3
864,100,3
870,115,3
407,92,3
574,114,4
46,67,4
599,103,3
611,72,3
807,79,3
53,117,3
704,91,4
476,49,4
592,115,3
16,36,3
360,80,3
706,61,3
502,44,3
141,4,3
620,76,3
815,81,4
777,58,3
447,105,4
290,108,2
475,95,4
677,116,3
427,98,2
854,29,4
832,78,3
664,36,2
290,4,3
268,102,4
151,120,4
719,37,3
255,88,3
377,13,3
855,17,3
358,51,3
608,91,4
370,55,4
227,33,4
705,21,4
826,22,4
389,25,3
377,67,3
118,91,3
5,91,3
444,110,4
352,12,5
755,15,4
533,102,3
664,84,3
640,86,4
124,2,3
277,45,5
822,13,3
394,55,3
664,32,2
360,22,3
623,89,4
469,91,5
628,55,4
700,17,3
57,70,4
150,80,3
452,8,2
162,61,3
120,97,4
582,10,3
351,98,3
99,19,3
167,14,4
663,55,4
664,63,4
401,105,3
365,87,3
326,11,4
581,47,4
633,6,4
621,34,4
247,99,4
434,89,5
93,64,4
268,93,4
615,87,4
624,82,3
321,78,3
816,81,3
856,66,3
62,31,3
403,96,3
648,62,2
567,54,3
620,92,3
770,8,4
253,42,4
734,41,4
478,59,4
369,40,4
679,103,3
160,22,3
267,2,4
443,19,3
760,2,3
567,92,3
721,96,4
17,62,4
133,16,4
700,94,3
430,22,4
308,14,3
174,56,3
412,65,3
683,54,3
154,66,3
695,86,4
242,46,3
304,33,3
285,79,3
27,50,3
402,105,4
360,22,3
60,40,3
202,39,2
762,105,4
874,41,4
581,75,4
370,68,3
533,7,4
152,85,3
102,71,3
899,4,3
607,76,4
446,91,4
873,59,4
229,81,4
125,84,3
770,95,4
834,26,3
881,31,3
162,73,3
554,69,3
788,52,4
173,21,4
843,16,3
637,51,3
682,16,3
559,18,4
217,56,3
817,28,4
124,82,3
805,78,4
162,56,3
201,112,3
402,104,2
462,16,3
275,85,4
206,65,3
273,61,3
700,11,2
867,75,3
93,66,4
42,32,3
379,19,4
107,56,4
328,5,4
65,3,4
365,28,4
484,87,4
647,94,4
540,100,3
62,29,4
491,77,2
273,59,4
229,25,3
20,22,3
3,110,3
421,97,4
730,101,3
307,117,3
136,23,4
515,70,4
585,79,4
415,40,4
873,98,3
118,14,4
666,29,5
649,87,3
318,10,4
120,47,4
525,4,3
581,12,3
845,42,3
769,98,4
89,4,4
512,84,4
47,92,3
772,92,3
692,14,3
522,119,4
284,35,3
377,47,3
638,58,3
134,65,3
667,19,4
652,65,3
318,13,4
436,8,3
176,18,3
686,35,4
586,87,3
351,114,3
143,116,3
804,26,3
398,105,4
624,38,3
718,84,4
643,66,3
369,26,4
501,57,4
622,100,3
370,25,3
86,7,3
787,27,3
739,11,3
460,101,4
325,8,3
522,11,5
489,88,2
355,116,2
288,116,3
459,15,4
624,56,3
536,35,4
291,39,3
851,24,3
168,43,4
621,42,3
428,84,3
702,41,3
490,47,3
355,26,3
196,52,3
545,88,3
717,22,4
824,5,3
11,63,3
582,93,3
256,79,3
396,91,4
731,49,3
809,55,4
409,72,4
259,57,3
3,29,3
84,19,3
156,95,3
663,73,3
176,10,3
707,101,3
472,10,3
619,118,4
424,97,4
134,89,3
788,57,3
864,54,2
380,56,3
667,68,4
277,117,3
882,103,3
13,55,3
342,69,3
35,116,2
559,72,3
412,1,3
159,35,3
637,116,4
549,112,3
789,82,4
636,33,4
279,83,4
479,98,2
636,25,3
542,8,3
115,35,3
90,85,4
595,11,3
539,61,4
729,44,4
360,11,3
372,22,3
215,85,4
733,91,3
15,82,4
259,62,3
120,104,5
128,102,4
723,94,3
688,51,3
645,45,4
325,111,3
320,109,3
506,33,3
69,13,3
383,57,3
16,43,3
439,45,4
846,31,4
869,10,4
568,23,3
617,86,3
132,111,3
560,29,4
273,31,3
623,78,4
848,18,3
349,11,2
484,103,3
357,3,4
318,54,4
633,72,3
48,31,4
10,8,3
233,43,3
36,48,4
462,22,3
4,5,4
44,7,3
568,20,3
554,92,3
255,77,3
114,32,3
749,90,3
174,41,3
255,42,3
277,77,3
464,85,4
847,45,3
502,101,3
69,71,3
509,17,3
326,92,4
304,69,3
484,24,4
548,71,4
417,34,2
159,120,3
149,50,2
27,42,4
101,78,4
702,59,3
96,19,4
384,112,4
282,115,3
396,76,3
278,3,4
529,71,3
263,120,4
619,99,4
580,25,2
640,113,4
293,15,3
294,83,4
608,60,4
395,83,4
180,59,2
693,85,4
235,116,3
831,34,3
337,103,5
8,115,3
443,7,3
539,106,3
820,44,4
91,91,3
854,64,4
272,114,4
834,23,3
5,102,3
594,58,3
899,20,3
118,117,3
593,60,3
582,8,2
115,101,2
263,67,3
306,2,3
654,22,4
422,70,3
207,103,2
623,104,4
112,108,4
417,24,3
555,12,4
859,81,3
285,22,4
640,118,3
185,83,3
741,73,3
221,76,3
864,96,4
444,117,4
117,95,3
70,81,3
70,74,3
622,63,3
427,30,3
644,19,3
568,26,3
443,90,3
601,11,3
504,118,4
131,56,4
218,45,4
688,68,4
171,47,4
475,76,4
612,89,4
129,120,3
57,58,3
181,10,4
246,22,4
144,71,4
51,24,3
459,96,5
218,85,4
567,72,4
257,117,3
156,38,3
565,21,3
442,8,3
841,89,3
699,28,3
876,92,3
662,54,3
776,31,2
762,116,2
723,89,3
25,116,4
806,120,3
853,41,3
664,37,3
536,38,4
764,51,4
60,76,3
467,37,3
434,101,4
879,31,3
565,18,4
106,90,3
96,6,4
688,9,3
551,11,4
168,95,4
42,119,3
879,110,3
104,120,3
845,2,4
204,29,3
282,51,4
43,106,4
749,100,3
868,7,3
831,56,4
49,77,3
115,106,3
155,62,4
649,74,4
503,100,3
679,80,3
711,53,3
336,120,3
493,79,4
754,14,4
213,93,4
181,69,4
766,49,4
613,18,3
863,51,4
599,1,3
697,27,4
603,64,4
359,89,3
249,41,4
638,21,3
881,14,4
516,116,4
88,117,3
663,20,3
176,92,3
723,85,4
426,87,4
771,11,3
603,120,3
771,66,4
703,84,3
81,24,4
433,89,3
470,37,4
350,86,3
126,24,4
881,15,3
868,12,4
309,110,3
855,95,3
230,107,4
460,64,4
20,94,3
881,105,4
561,84,4
647,72,3
541,44,4
560,30,3
477,35,3
269,21,4
3,111,3
770,104,3
16,63,3
606,92,2
358,103,3
646,17,3
813,12,5
839,116,3
133,114,3
312,18,3
305,60,4
269,67,4
414,115,3
25,15,3
316,16,4
725,118,3
668,113,3
826,95,3
389,31,3
722,1,3
444,75,4
427,6,3
57,87,3
697,9,3
566,52,3
721,80,3
342,58,2
805,102,4
852,108,3
304,19,3
764,109,4
374,13,3
816,32,4
112,100,3
878,9,4
703,110,5
846,49,4
279,37,3
852,31,2
13,59,4
556,19,3
617,63,4
160,2,3
154,45,4
754,96,4
181,43,3
180,1,2
377,85,5
804,61,3
776,3,3
168,91,4
150,7,3
16,33,3
91,9,3
120,30,3
253,18,4
60,56,4
409,84,3
21,105,3
731,119,3
593,31,2
289,72,4
498,87,3
474,89,4
548,1,4
132,110,3
132,115,3
521,106,3
30,64,4
301,53,2
4,6,4
325,17,4
509,46,3
237,109,4
535,72,3
16,118,3
816,101,3
446,55,4
503,91,4
230,100,3
107,6,4
720,70,4
389,109,3
720,68,4
263,86,4
563,40,4
65,91,3
265,101,3
338,66,5
301,9,3
378,11,3
152,116,3
476,43,4
816,78,3
163,26,3
438,38,2
343,94,4
367,36,3
750,99,3
500,6,4
16,3,4
296,64,4
868,58,3
511,117,4
788,58,3
239,18,3
581,23,4
301,96,3
220,23,3
766,36,4
453,70,3
433,81,4
807,82,4
870,95,4
386,6,4
619,34,4
118,44,3
680,100,3
763,112,3
594,52,4
566,42,3
878,74,4
12,39,3
165,39,4
878,12,4
294,11,4
434,117,3
614,115,3
869,22,3
812,4,4
799,8,3
683,14,4
48,88,4
767,14,4
82,92,3
721,32,3
596,76,3
522,16,4
29,52,3
304,19,4
502,12,4
446,93,4
628,5,4
490,42,3
781,17,4
428,111,3
559,72,4
359,104,3
91,104,4
53,94,3
730,10,4
860,84,3
204,16,3
556,105,4
156,16,4
2,42,4
357,3,4
825,23,3
569,86,4
58,110,3
254,45,4
180,100,3
493,68,5
35,24,4
75,19,3
289,75,3
587,46,3
767,110,4
777,119,3
304,103,3
221,18,3
164,12,3
480,14,4
455,111,3
375,82,4
220,61,4
684,108,3
254,106,4
722,12,4
188,104,3
191,27,3
389,6,4
215,88,3
375,115,3
86,33,3
474,109,3
618,118,3
531,12,4
47,95,3
65,57,4
475,101,4
146,53,3
798,13,4
93,64,3
865,84,4
426,58,3
468,4,3
94,108,4
618,45,4
133,66,3
434,115,3
341,36,3
314,23,4
159,72,4
268,16,3
661,58,3
862,107,4
603,18,4
748,36,3
474,24,3
410,1,3
474,64,3
356,62,5
680,110,3
699,75,3
271,18,3
114,16,3
897,17,3
770,68,3
65,99,4
684,79,3
272,2,4
502,120,3
662,115,4
146,73,3
286,53,4
10,89,4
739,51,4
186,69,4
574,14,4
597,106,3
464,112,4
134,102,4
809,66,4
171,82,3
213,93,4
530,53,3
826,117,3
502,117,3
572,84,3
600,64,3
27,72,4
408,112,4
552,90,4
109,62,3
74,37,4
578,49,3
680,68,4
262,33,4
786,70,4
849,33,3
870,28,4
237,88,4
727,4,4
366,66,3
286,77,4
378,110,4
661,49,4
376,35,4
619,39,3
76,107,5
9,74,3
196,72,3
807,69,4
792,23,3
893,34,4
630,111,4
290,32,2
389,68,3
847,54,4
818,28,4
900,112,3
563,108,4
564,60,4
634,78,4
679,76,3
8,60,4
369,85,4
344,80,3
796,44,3
375,2,4
619,23,3
27,120,3
849,46,4
357,107,4
62,73,3
62,54,3
422,71,4
794,93,3
633,108,4
792,81,3
551,9,3
380,70,3
277,44,3
606,84,4
115,73,4
688,12,4
525,32,3
899,34,4
416,83,3
163,33,3
787,64,3
688,48,3
337,16,4
379,50,3
173,23,5
787,26,3
101,54,4
843,37,4
557,9,3
599,94,3
458,13,4
453,60,4
259,106,3
717,80,3
426,110,4
178,2,4
280,95,3
344,60,4
17,57,4
296,115,3
202,43,3
684,19,4
774,11,3
194,78,3
149,47,3
375,89,3
888,63,3
35,7,3
369,79,4
29,94,2
221,88,3
53,55,3
791,25,3
392,30,4
76,36,4
688,14,4
522,29,4
117,27,4
280,117,3
730,50,4
764,21,4
451,75,4
834,97,3
518,79,4
21,76,3
842,50,3
36,37,3
507,75,3
899,120,4
233,117,3
728,19,4
497,118,3
206,1,4
426,81,3
44,40,4
91,55,2
470,26,4
605,43,2
467,59,4
851,51,3
595,107,3
333,15,3
507,8,4
794,94,3
470,14,4
21,97,4
376,7,4
130,18,3
687,12,5
620,2,3
414,50,3
404,7,3
562,116,4
607,91,2
791,12,3
337,57,5
644,78,4
505,74,3
13,30,3
3,111,3
224,58,3
899,52,4
385,56,4
602,10,3
241,19,3
547,19,3
14,108,3
195,87,3
306,105,3
725,96,4
410,84,3
3,4,3
691,97,3
552,112,4
452,65,3
819,67,4
747,12,3
769,93,4
872,55,4
417,95,2
373,36,3
628,2,4
52,22,3
376,22,4
395,41,4
86,116,2
464,120,3
46,109,3
238,93,3
10,35,3
664,50,3
573,9,3
530,111,3
598,118,4
649,96,5
640,56,4
698,10,3
178,25,4
869,113,3
853,97,3
307,11,3
548,101,4
356,7,3
793,71,4
395,34,5
749,114,3
285,106,4
330,89,3
773,112,4
622,93,4
709,55,3
378,91,3
764,89,3
600,101,3
825,15,3
538,118,3
774,48,3
144,4,4
60,78,3
868,120,3
75,81,4
3,21,3
575,80,2
748,90,4
741,66,3
275,107,4
530,79,2
592,35,3
215,88,3
683,112,4
485,117,3
255,118,3
387,102,3
126,78,3
767,101,2
204,86,4
172,82,3
217,66,4
245,96,4
336,17,3
703,65,3
298,9,3
832,13,3
182,100,3
511,58,3
383,30,3
717,31,3
873,23,4
332,114,3
165,28,4
242,59,3
900,10,3
642,89,3
227,100,3
634,90,4
556,26,4
451,109,4
196,77,2
870,17,4
204,40,3
458,68,5
257,35,4
529,75,2
272,76,4
9,9,3
761,79,3
201,45,4
59,37,4
887,69,4
393,19,4
652,75,4
119,73,4
553,99,3
834,27,3
331,13,4
267,57,4
695,12,4
480,9,2
134,106,4
693,92,3
355,77,3
498,116,3
625,77,3
107,27,4
290,90,3
825,63,3
629,93,4
147,22,3
415,88,3
296,19,4
398,38,3
103,95,3
636,39,3
508,54,2
891,32,2
868,115,3
428,112,4
393,46,4
826,61,3
109,93,3
889,52,4
348,34,4
105,35,4
420,70,4
373,37,3
27,78,3
800,61,3
769,111,3
273,114,3
649,49,5
340,9,3
301,19,3
480,87,3
834,105,4
557,80,3
265,26,4
542,38,3
596,40,3
316,99,4
1,118,3
761,69,4
63,23,3
483,89,3
321,22,3
846,64,4
201,117,3
222,68,4
152,58,3
644,28,4
462,78,3
217,97,3
196,68,3
793,106,4
202,75,3
647,103,5
234,96,4
141,4,4
708,1,3
498,26,3
555,33,5
57,81,4
504,27,5
722,69,4
736,64,3
539,25,3
640,72,3
106,98,3
165,105,3
215,4,4
716,58,3
90,101,4
772,108,3
874,59,4
608,109,4
349,22,2
842,65,3
894,50,4
246,4,4
272,100,3
403,72,4
116,92,3
435,52,2
530,102,3
442,100,3
172,100,3
16,43,3
56,4,4
103,38,3
284,45,4
705,25,3
618,55,3
278,96,5
885,39,3
612,65,3
750,75,2
269,2,4
400,120,4
503,86,3
86,62,3
320,46,2
336,112,3
51,87,4
698,31,3
174,99,4
618,102,3
501,105,3
575,35,3
76,45,4
316,77,3
373,71,3
81,69,3
873,29,3
640,72,4
695,8,4
755,54,3
697,7,2
854,23,3
666,100,3
652,32,4
46,45,3
47,68,4
422,115,4
149,106,3
130,39,3
456,5,3
639,67,3
877,22,3
631,28,4
869,22,3
505,86,3
774,98,3
244,29,4
474,43,2
103,60,4
489,119,3
37,77,4
654,71,4
549,74,3
743,68,3
333,59,3
296,86,4
107,84,4
860,112,4
530,84,4
825,6,3
288,28,4
706,77,4
461,31,3
215,39,2
459,86,5
344,118,4
194,109,4
158,88,4
104,15,4
102,105,3
639,70,3
726,23,3
325,25,3
691,46,3
592,93,3
141,23,3
474,10,3
884,113,3
63,77,4
560,32,3
304,51,4
396,41,4
786,65,3
411,101,2
284,40,3
80,36,4
692,31,3
733,1,3
794,111,4
540,52,3
509,9,3
164,86,3
9,120,3
462,90,3
307,116,4
588,74,3
245,56,4
122,47,3
185,3,4
762,54,3
569,37,4
372,31,3
656,97,3
596,107,4
56,12,3
791,58,3
273,67,3
464,119,4
678,112,3
456,26,3
249,12,4
698,116,3
108,53,3
273,72,4
764,49,4
15,49,3
370,92,2
304,7,3
672,15,4
113,36,3
680,72,4
865,74,3
253,15,4
186,62,4
859,18,4
227,46,3
528,101,2
668,105,4
354,109,3
623,61,3
1,115,3
553,43,3
560,44,4
420,99,4
620,66,4
161,55,3
161,86,4
871,79,3
128,101,3
722,39,2
151,100,3
444,5,5
767,57,3
471,112,4
730,91,4
30,16,4
473,57,4
557,100,3
80,102,4
39,82,4
557,25,4
337,120,4
861,31,4
800,101,2
280,34,3
116,87,3
269,16,4
335,70,3
312,59,3
53,15,4
796,24,3
818,13,3
386,65,3
249,112,4
94,49,4
410,82,3
179,48,4
47,97,4
794,102,3
852,43,3
874,6,4
376,68,4
724,14,3
587,30,3
890,110,4
202,84,4
297,54,4
308,66,3
723,101,3
493,4,4
338,74,3
646,84,4
842,60,3
792,53,3
422,99,4
540,112,4
629,74,4
493,92,4
882,15,4
317,100,3
837,1,4
75,91,3
714,93,3
59,15,4
386,74,3
15,84,4
231,22,3
617,50,3
677,48,3
354,73,3
35,120,3
162,51,3
799,17,4
471,83,3
531,104,3
792,91,3
852,51,3
348,98,3
147,49,3
374,59,3
688,10,3
675,30,3
416,85,3
687,21,4
559,34,4
256,73,3
686,98,4
103,50,3
419,47,3
350,85,3
657,84,4
42,6,3
367,50,3
29,109,3
785,63,3
14,12,3
818,41,4
825,31,4
485,2,4
189,16,4
872,1,3
183,47,4
864,116,3
548,65,3
882,52,4
37,47,3
14,99,3
635,77,3
595,50,4
159,45,3
614,84,4
849,56,4
556,57,4
580,104,4
560,33,3
569,28,4
587,114,3
22,44,4
132,114,3
456,44,3
302,84,5
267,96,4
799,73,3
395,34,4
120,14,3
246,68,5
568,29,3
38,79,3
245,17,4
21,83,4
606,9,3
394,27,4
410,49,3
648,79,3
743,37,4
8,28,4
444,50,4
328,55,4
887,4,3
290,85,3
763,120,3
511,98,3
599,37,3
716,4,4
753,32,3
832,45,4
770,112,3
621,12,4
768,41,3
794,56,4
220,80,3
595,14,4
107,54,4
581,63,3
609,65,3
724,116,4
286,119,3
749,58,3
8,96,4
806,21,3
189,4,4
81,73,4
108,120,2
321,115,3
686,86,4
346,12,3
863,30,4
328,94,4
555,96,4
699,60,4
302,100,3
200,71,3
893,81,3
419,65,3
39,14,3
307,44,3
4,108,3
633,102,4
848,26,4
468,109,3
179,16,3
645,110,3
823,7,3
741,32,4
152,95,3
164,16,3
290,119,3
378,105,4
621,78,3
638,89,3
389,120,3
857,71,3
764,67,3
183,91,3
306,83,3
72,43,3
719,55,4
173,45,4
272,106,4
726,71,4
468,113,4
269,80,4
20,32,3
578,8,2
815,113,3
503,77,3
147,62,3
165,20,3
890,18,3
518,6,4
14,84,3
132,96,3
854,110,4
755,108,3
439,29,4
743,4,4
263,34,4
643,100,3
225,71,3
258,33,4
234,15,5
336,116,4
409,96,4
271,40,3
95,93,3
718,78,4
81,50,3
274,99,4
883,89,3
208,80,2
296,46,4
39,80,4
288,11,3
124,49,3
876,99,4
283,23,4
878,55,4
180,5,3
191,35,3
74,93,4
447,111,4
785,119,4
497,69,3
561,54,3
484,3,4
849,6,4
722,87,4
116,110,5
535,56,3
328,82,3
407,94,3
702,56,3
148,46,3
342,113,4
23,65,3
105,10,4
675,41,4
558,33,3
593,91,3
222,114,3
855,12,3
15,2,4
891,1,2
633,65,3
807,76,3
241,103,4
18,36,4
768,21,3
443,36,4
277,26,3
424,47,4
476,95,3
27,1,3
865,14,3
464,90,4
807,46,3
824,42,3
363,7,3
383,55,3
751,56,4
525,119,3
184,76,3
194,63,3
462,24,4
56,83,3
230,73,4
489,99,2
28,4,4
832,109,3
722,96,3
184,110,3
425,70,4
375,28,3
868,92,3
41,40,4
484,51,3
260,29,4
856,118,3
84,69,4
46,5,4
440,101,3
671,41,3
856,61,2
845,28,4
438,41,3
136,111,4
183,9,3
709,29,4
172,78,2
861,38,4
788,62,3
690,52,3
539,104,4
120,34,4
308,49,3
708,42,4
277,14,4
530,82,3
783,118,3
53,98,3
806,92,4
52,109,2
728,112,4
72,101,3
28,87,3
469,106,4
764,17,3
547,32,3
401,101,3
201,79,3
761,68,3
611,39,3
820,94,4
652,87,4
595,24,4
560,100,3
379,58,2
760,69,3
177,107,4
52,64,3
385,101,2
834,117,3
8,71,4
25,13,3
768,27,4
755,82,3
457,88,3
461,105,3
198,2,4
94,16,3
719,14,4
437,17,3
527,60,4
690,70,3
378,99,3
587,17,3
104,45,3
806,38,3
680,104,2
39,6,4
458,60,5
785,102,4
135,49,4
374,21,3
39,23,4
803,76,3
819,57,4
47,64,4
36,29,5
832,27,3
95,6,4
525,71,3
146,107,4
65,80,3
754,15,4
816,58,3
853,4,4
555,69,4
756,7,4
181,35,4
501,36,3
597,15,4
155,92,3
787,2,4
535,120,2
818,5,4
435,71,2
811,86,3
99,113,4
372,32,3
563,72,3
112,42,3
453,75,4
756,65,3
139,83,4
848,108,3
231,38,3
239,42,3
253,120,4
436,37,3
561,56,4
422,71,4
72,55,4
263,89,5
834,54,3
222,22,4
62,105,3
471,47,3
157,38,2
806,112,3
125,39,3
741,15,4
852,119,3
161,66,3
541,61,3
535,44,3
106,43,3
131,6,4
357,84,3
685,27,4
776,45,4
854,23,4
885,112,3
797,104,3
2,81,3
233,13,3
369,68,4
108,64,3
180,86,2
725,52,3
293,48,3
123,75,3
227,89,4
444,69,4
813,85,4
428,26,4
765,56,4
65,112,3
428,117,3
618,8,2
812,73,3
107,45,3
548,17,4
262,77,3
159,9,3
265,70,4
468,91,4
202,106,4
155,101,3
13,103,3
297,107,4
834,73,3
498,106,4
597,11,4
792,35,4
245,29,4
354,71,3
521,112,3
386,79,3
759,117,3
312,93,4
414,109,3
278,50,4
750,114,3
715,24,4
759,37,3
747,78,3
593,11,3
356,99,4
525,81,3
839,59,3
16,55,4
321,108,2
651,67,3
326,119,4
148,60,4
355,2,4
703,18,4
613,20,4
105,85,4
474,63,3
762,78,3
396,72,3
446,2,3
606,90,3
220,83,4
851,28,4
442,29,4
645,69,3
873,107,3
667,28,4
28,60,4
794,105,4
475,112,4
628,90,4
305,5,3
502,32,4
348,52,3
570,37,4
847,15,4
695,41,4
337,4,4
409,53,4
217,84,4
328,27,4
837,21,4
774,60,3
23,86,4
756,64,2
718,47,4
599,31,3
267,17,4
415,50,3
646,7,4
267,83,3
333,28,3
565,13,4
611,66,3
247,86,4
36,84,3
401,60,4
28,43,4
220,69,3
614,70,3
271,65,3
736,99,4
651,67,4
792,54,3
511,36,3
286,71,4
762,15,4
834,75,3
317,18,4
297,4,4
338,88,5
307,11,2
428,6,4
351,51,2
511,58,3
525,60,3
492,79,3
594,67,4
9,17,3
497,97,4
725,34,3
560,30,3
561,19,3
440,40,3
552,44,4
792,59,3
738,91,3
108,111,3
245,25,3
255,119,4
33,71,3
23,53,4
845,48,3
566,71,3
49,53,3
462,108,3
336,43,3
358,100,4
122,19,4
444,66,4
359,34,4
602,120,2
346,81,3
416,73,4
377,54,4
756,106,3
661,92,3
146,55,4
478,15,3
890,15,3
408,117,3
286,66,4
851,100,3
620,9,3
879,66,4
793,66,4
14,17,3
134,105,4
588,72,3
596,98,3
343,34,4
286,64,4
314,44,4
606,29,3
297,62,4
606,92,3
569,16,4
164,78,3
832,52,3
497,2,4
610,120,3
16,104,3
344,61,3
346,52,3
72,41,4
270,52,4
287,31,3
880,27,4
379,48,4
168,11,4
409,8,4
508,12,3
643,45,3
837,34,4
102,77,3
794,72,3
806,120,3
422,21,3
478,75,3
120,22,4
743,21,4
291,28,3
161,71,3
673,14,4
38,73,4
394,52,4
540,71,3
462,76,3
612,19,3
294,27,4
400,18,4
636,13,3
92,107,3
767,1,3
609,102,4
681,34,4
271,109,3
620,115,3
899,105,3
811,51,3
559,87,3
99,1,3
194,28,4
157,32,3
900,72,3
666,55,4
115,26,3
396,14,3
770,88,3
657,112,4
803,93,3
522,68,5
880,63,3
683,27,4
533,41,3
15,111,3
419,3,4
638,59,3
853,100,4
853,23,2
213,18,4
700,110,3
684,111,4
759,104,4
5,74,2
231,120,2
201,76,4
885,117,3
402,41,3
149,8,2
492,81,3
226,41,3
586,45,4
819,78,4
761,9,3
792,90,3
152,48,3
224,115,4
504,24,3
737,87,4
44,103,5
697,44,4
504,58,3
241,66,3
843,114,4
351,18,2
722,80,3
23,29,5
636,75,2
598,2,4
43,78,4
681,117,3
461,73,3
621,104,2
244,71,3
836,115,4
280,81,4
36,109,4
557,75,3
540,82,4
154,49,2
23,28,4
719,16,4
91,106,3
390,68,4
359,62,2
202,11,4
350,85,3
766,105,3
38,80,3
733,42,3
500,55,4
699,73,3
43,35,3
871,57,3
772,73,3
123,46,3
685,92,2
336,11,2
153,98,3
162,69,4
376,103,5
443,11,4
538,43,2
804,19,3
701,77,4
634,68,3
230,78,3
59,108,4
96,59,4
262,2,3
354,8,2
312,22,4
136,115,3
862,77,4
473,85,4
430,97,4
854,101,3
146,86,2
524,90,4
109,75,2
734,112,3
586,37,3
333,29,4
822,83,3
614,21,4
649,88,3
191,90,3
869,120,4
840,48,5
167,83,4
168,47,3
566,113,3
259,94,4
439,15,4
673,13,4
864,59,2
839,73,3
531,13,3
290,80,2
562,115,3
510,78,2
302,118,3
696,19,3
185,57,5
510,32,3
819,99,4
507,21,4
346,82,4
81,112,3
374,14,3
156,80,2
787,24,3
500,32,4
761,75,3
147,109,3
481,11,2
435,60,4
683,90,4
69,110,3
606,5,3
881,36,3
888,64,4
186,78,4
682,32,3
204,71,3
554,74,2
13,66,4
666,10,4
274,99,4
298,21,4
51,40,3
500,42,5
369,72,3
724,46,3
656,82,2
357,73,3
3,118,3
254,41,4
475,94,4
847,4,3
506,99,3
256,14,4
610,14,3
685,53,4
150,112,4
279,84,4
59,29,4
446,23,4
113,120,3
836,111,3
755,85,3
822,31,3
569,96,4
489,105,2
407,71,4
367,77,3
60,61,4
728,8,3
469,76,4
567,16,3
885,26,3
720,29,3
63,93,4
184,6,4
311,37,3
793,33,4
538,95,3
177,46,4
575,61,3
847,102,4
167,111,3
225,95,3
581,104,4
9,51,3
685,103,3
794,68,4
28,30,4
646,53,4
27,97,4
196,30,4
203,64,4
832,23,3
30,48,4
99,7,3
899,42,4
190,10,4
12,68,3
603,44,4
30,102,5
725,13,3
38,85,3
853,33,4
572,104,4
294,92,3
360,87,3
655,32,4
180,48,3
797,5,3
112,61,3
444,103,4
21,90,4
145,3,4
499,24,4
146,117,3
887,34,4
421,84,3
316,119,4
652,42,4
203,20,4
496,41,4
756,82,3
625,102,3
468,20,4
713,6,3
385,57,3
314,42,4
771,25,3
255,41,3
23,41,4
758,3,3
493,43,4
823,46,4
511,57,4
366,83,2
372,74,2
599,5,3
475,73,3
356,15,5
460,88,4
503,94,4
27,100,3
860,79,4
223,38,3
864,39,3
690,52,3
148,86,4
424,3,3
739,117,4
351,29,3
186,93,4
415,31,3
806,109,2
41,99,4
393,45,3
703,73,4
717,83,3
474,17,4
294,105,4
610,101,2
136,36,4
484,67,3
789,77,4
312,105,4
814,30,3
555,87,3
46,29,4
48,74,4
198,33,3
84,59,4
161,93,4
428,29,3
52,115,3
293,44,2
812,119,3
885,109,3
867,37,3
380,35,3
743,59,3
478,24,3
262,113,3
580,65,3
179,110,3
357,6,4
419,113,4
698,68,3
201,38,2
13,1,3
443,41,5
726,31,3
286,73,4
756,105,3
868,54,4
258,109,3
570,87,3
548,31,4
840,29,4
490,113,4
498,85,4
894,3,4
705,58,3
333,90,4
562,61,3
610,20,3
43,111,3
893,61,3
351,46,3
822,105,4
559,23,4
270,79,3
823,110,3
575,4,2
19,75,3
613,66,3
37,16,4
619,115,3
92,31,3
820,48,4
185,103,5
728,43,3
28,108,4
548,4,4
372,62,3
832,48,3
530,28,4
419,103,3
196,89,4
167,69,3
90,30,3
264,65,3
472,69,3
208,118,2
724,14,4
271,75,2
263,34,4
506,56,4
785,29,4
512,82,3
854,79,4
726,110,3
524,109,4
722,66,4
312,115,3
174,40,3
768,118,3
101,15,3
16,32,3
709,20,3
258,53,3
244,91,4
348,67,4
249,49,5
105,67,4
667,89,3
287,82,3
420,39,3
47,61,3
43,55,4
321,69,3
818,2,3
221,94,4
144,106,4
890,4,4
28,73,3
854,64,3
850,85,4
553,76,4
857,68,3
690,61,3
837,73,4
167,104,4
635,51,3
586,120,4
751,96,4
249,77,5
764,83,3
357,78,5
692,91,3
700,28,3
820,90,4
719,10,4
234,88,4
381,80,3
730,17,4
346,65,3
378,21,4
522,54,4
17,111,3
245,49,3
718,107,4
770,22,4
624,69,3
717,64,3
539,36,3
688,56,3
202,73,4
118,48,4
9,76,3
598,18,4
23,118,4
585,15,4
27,114,4
861,44,4
81,94,2
596,45,3
555,36,4
92,51,3
851,117,3
84,30,3
296,85,3
647,101,4
59,120,4
871,56,4
342,61,3
753,17,4
880,98,3
342,24,4
610,97,3
62,4,4
776,9,3
625,2,4
728,45,3
256,15,5
874,3,4
770,31,3
706,52,3
304,42,4
615,53,3
245,119,4
824,87,4
736,72,4
823,85,3
412,85,4
878,32,4
217,81,3
516,54,3
474,37,3
36,88,4
178,8,4
387,82,3
769,11,4
17,54,4
711,60,4
48,90,4
62,111,3
69,70,3
871,81,3
366,87,3
162,42,4
739,37,4
859,76,3
489,58,3
230,85,3
370,59,3
178,24,4
857,28,4
410,37,3
568,21,2
270,2,3
206,101,4
793,119,4
900,28,3
751,15,4
800,1,3
82,107,4
846,28,3
762,50,4
618,96,3
189,28,4
74,24,3
10,63,4
635,4,4
290,109,3
552,67,4
639,86,3
289,104,3
649,39,4
144,119,3
389,113,4
866,25,3
407,112,4
811,117,3
370,86,4
857,114,4
781,47,4
651,61,3
564,84,4
529,100,3
677,101,3
13,103,3
702,27,3
340,111,3
865,113,3
874,96,4
864,42,3
776,52,3
312,93,4
733,105,3
104,48,4
198,24,4
444,118,4
359,27,4
149,23,2
761,7,3
768,81,3
42,37,4
202,7,3
244,94,3
464,82,4
798,22,4
794,78,3
437,82,3
893,99,4
750,17,3
531,19,4
565,95,4
597,39,3
273,117,4
430,36,4
872,15,4
213,63,3
873,29,3
104,60,4
192,56,4
380,33,3
81,89,3
705,16,5
549,30,4
377,98,3
154,104,4
642,44,3
736,38,3
761,51,3
374,18,2
805,5,4
799,111,3
204,40,3
611,6,4
350,76,4
688,115,3
774,12,4
783,12,4
143,73,3
189,120,4
272,106,4
845,49,4
426,80,3
46,4,3
95,50,3
643,14,4
9,64,4
459,120,4
715,41,3
409,102,5
470,68,5
506,2,4
686,119,4
84,75,3
59,103,5
21,90,4
458,101,3
157,26,3
831,4,3
573,102,3
837,2,3
680,66,4
203,16,5
641,57,3
106,23,4
122,21,3
318,103,2
182,25,3
615,58,3
316,37,3
814,49,4
773,77,5
625,15,4
70,67,3
160,87,3
679,62,3
247,67,3
866,103,3
524,43,4
243,89,3
620,118,4
336,58,3
422,105,4
194,76,3
308,69,3
645,97,3
506,46,4
803,25,3
675,35,4
439,15,3
715,106,3
608,90,4
483,74,3
223,88,3
749,35,3
117,29,4
192,38,4
788,69,4
618,24,3
516,19,3
530,46,3
307,49,3
122,73,4
649,26,4
592,25,3
154,35,3
870,114,3
452,14,3
59,6,4
301,32,3
553,26,3
117,49,4
787,95,3
782,56,4
127,37,3
515,58,3
805,101,4
885,83,3
498,78,5
528,36,2
398,101,3
265,11,4
751,27,4
263,2,4
398,22,4
646,66,4
725,84,3
527,108,3
436,112,3
840,17,4
360,4,4
129,14,3
864,7,4
634,79,3
241,94,3
709,104,3
222,66,4
592,1,3
135,119,3
818,4,4
754,91,4
386,58,3
782,53,3
287,89,3
562,86,3
189,43,4
297,74,4
389,97,4
459,49,4
704,60,4
715,94,3
773,94,4
113,16,4
864,81,4
36,99,4
275,114,3
278,47,3
312,63,4
529,112,3
204,28,3
17,20,4
714,97,4
476,63,3
511,33,3
499,13,4
402,62,3
568,72,4
80,13,4
306,88,3
58,40,3
530,110,3
208,30,3
511,94,4
135,25,4
522,73,3
581,26,4
853,24,3
899,97,4
621,89,3
44,116,3
483,109,2
644,79,4
493,61,3
499,105,3
18,112,4
605,49,3
294,41,4
148,70,3
472,20,4
172,44,2
563,16,4
531,21,3
120,15,5
836,39,3
737,42,4
141,4,4
446,24,3
506,3,3
189,114,4
158,1,4
610,94,2
246,54,4
856,82,4
748,40,3
33,11,3
753,93,4
330,4,3
512,25,3
850,100,4
787,36,3
728,40,2
180,85,3
628,35,4
260,44,3
772,47,3
5,25,4
297,110,4
620,41,3
855,5,3
360,64,4
117,62,3
357,111,3
843,72,3
439,87,4
331,3,4
525,108,2
654,37,3
188,95,3
511,41,3
115,67,4
338,40,4
522,85,4
764,8,4
783,39,3
528,37,3
30,8,4
82,108,3
748,41,3
333,60,4
660,54,4
177,22,3
370,78,3
547,19,3
535,77,3
106,99,4
230,33,3
227,22,3
100,11,4
468,68,4
195,103,3
424,102,4
128,116,3
93,72,4
258,79,2
853,117,3
220,62,3
106,101,4
548,15,4
416,6,3
557,1,3
309,105,3
366,36,3
521,2,4
459,70,4
599,2,4
370,3,4
331,7,3
642,113,4
707,64,3
11,41,3
818,54,3
507,41,5
419,115,3
122,5,4
235,89,5
331,102,4
348,63,4
412,1,3
224,25,4
153,81,4
92,15,3
331,69,3
467,17,4
860,21,4
641,53,3
709,55,4
554,87,3
878,107,4
194,81,3
530,57,3
845,65,3
243,37,3
389,112,4
639,40,4
587,50,4
574,1,4
478,20,3
480,108,3
288,31,3
698,68,3
690,90,3
678,12,4
695,22,4
540,1,4
330,1,3
470,3,4
759,117,3
849,76,3
467,21,4
420,13,3
608,61,3
122,13,3
762,117,3
891,105,3
308,82,3
420,6,4
326,25,3
649,23,4
789,88,4
832,101,3
573,4,4
250,102,4
95,35,4
296,113,4
184,75,4
260,100,4
799,25,3
667,20,4
186,1,4
409,94,4
69,68,4
773,99,4
859,22,4
8,95,3
265,62,3
783,1,3
484,59,3
761,68,3
617,19,3
736,1,3
840,48,4
783,52,3
677,85,3
807,50,4
646,66,4
337,97,4
490,19,4
403,91,4
639,37,3
191,63,4
671,29,3
843,60,3
335,92,3
522,34,4
619,1,3
62,21,4
387,34,3
146,26,4
153,36,2
619,99,4
660,23,5
698,81,4
349,47,3
854,106,4
178,76,3
889,44,4
847,20,4
661,106,3
247,61,3
254,37,4
500,84,4
541,52,4
352,75,4
512,92,3
13,66,4
559,24,3
151,80,4
215,16,4
644,36,4
372,2,3
113,89,2
252,62,4
341,64,3
53,29,3
130,92,3
836,74,3
57,96,3
198,83,3
647,15,4
147,55,3
684,33,3
575,81,4
723,20,4
621,73,3
794,38,3
684,3,3
12,54,4
333,66,4
220,18,2
398,87,3
342,83,3
798,7,4
512,35,3
172,114,3
468,84,4
748,84,4
699,105,3
170,80,3
564,102,4
512,85,3
831,93,3
189,108,4
120,60,4
105,102,4
807,24,4
41,101,4
889,93,3
876,95,4
677,109,3
321,116,4
335,12,4
160,94,3
264,53,3
865,64,3
530,4,3
685,94,3
477,5,4
352,16,5
545,27,4
773,4,4
496,48,5
842,81,4
481,67,3
5,91,3
792,34,3
145,62,4
351,109,2
348,24,3
125,114,3
271,29,3
357,103,5
527,6,4
754,56,4
498,14,4
153,50,2
53,78,3
149,101,2
503,52,4
870,88,4
625,12,4
800,115,3
277,106,3
452,24,3
428,37,4
218,70,3
738,76,3
782,85,4
527,3,4
404,27,4
290,110,3
420,53,3
777,17,3
711,113,3
845,15,4
419,39,3
207,4,4
686,17,4
696,102,3
265,11,4
758,12,4
36,111,3
373,32,3
259,44,3
531,43,3
23,91,5
104,49,4
241,104,4
873,108,3
716,93,4
253,73,3
814,3,4
655,103,4
451,29,5
783,85,4
307,35,3
500,117,3
622,48,3
8,74,3
69,87,3
702,39,3
691,89,3
575,24,3
718,15,3
408,85,4
518,117,3
119,106,4
825,76,3
518,60,4
483,87,3
207,119,3
387,41,4
412,100,3
842,69,3
370,103,3
336,103,4
891,75,2
289,106,4
13,56,4
664,18,3
428,12,4
825,16,4
864,27,3
400,100,3
109,17,4
485,113,4
888,85,4
356,119,3
149,101,2
879,31,3
716,109,4
307,35,3
533,27,3
60,87,4
435,32,3
21,17,4
245,92,3
76,41,4
698,20,3
390,37,3
342,39,3
290,109,3
568,45,4
331,64,4
259,47,4
426,23,3
702,32,2
191,19,3
148,106,4
258,78,3
730,119,3
479,67,3
90,39,4
824,89,4
864,60,3
10,11,3
762,15,4
151,61,3
625,43,3
30,15,4
128,79,4
421,79,3
480,5,3
305,83,3
105,29,3
172,62,3
499,60,4
22,69,4
287,22,4
617,50,3
149,116,3
272,113,4
788,47,3
172,29,3
47,80,3
787,17,3
816,20,4
207,78,4
453,114,4
395,6,4
754,22,4
301,104,3
708,9,3
176,88,2
855,33,3
783,77,4
684,70,4
864,49,3
202,104,3
168,30,4
614,102,4
86,16,3
654,65,3
849,106,4
725,82,3
51,86,4
112,90,4
442,56,4
271,37,3
344,78,4
183,90,3
503,50,3
10,52,4
234,66,4
298,103,3
244,71,4
509,103,4
351,45,4
267,115,4
630,86,4
656,28,3
893,102,4
201,20,2
239,49,4
415,82,3
484,88,3
437,97,3
246,59,4
8,109,4
152,26,3
392,19,3
367,106,3
570,74,4
86,62,2
713,73,4
634,117,3
446,11,4
620,67,4
304,104,3
132,12,4
421,35,3
385,103,3
198,110,4
47,39,3
203,14,3
690,65,3
687,101,4
786,60,4
340,43,2
412,65,3
286,109,3
86,88,3
850,119,4
430,81,3
581,35,4
603,32,3
440,19,4
349,95,2
412,20,4
528,28,3
396,32,3
788,86,4
338,108,4
437,54,3
704,42,3
663,117,3
365,108,3
113,15,4
785,102,4
176,83,3
149,62,2
178,31,3
223,26,4
259,69,4
785,57,4
189,20,4
306,66,3
378,21,4
602,115,3
343,60,4
774,63,3
156,51,3
766,84,4
442,101,3
685,39,3
200,100,3
403,11,3
614,119,3
797,57,3
663,3,4
623,37,4
603,96,3
177,111,3
743,21,4
541,114,4
301,80,3
707,112,4
307,42,3
751,1,4
869,23,3
267,113,3
594,47,3
640,89,4
483,7,3
262,38,3
574,47,3
133,103,3
649,35,4
540,78,4
512,62,3
717,3,3
253,102,4
38,20,3
43,105,3
629,97,4
702,44,3
46,32,3
678,26,4
305,48,3
715,5,4
233,59,4
245,61,3
721,49,4
760,30,4
839,70,3
383,58,3
158,63,3
1,63,4
217,15,4
507,1,3
761,13,4
581,48,5
30,34,4
881,119,3
275,64,4
492,66,3
847,57,3
36,44,4
311,12,4
44,40,4
155,108,3
613,66,3
438,1,3
542,28,4
39,68,5
239,105,4
13,94,3
122,59,3
144,71,4
684,22,4
455,90,3
759,89,5
247,74,4
765,78,4
375,97,4
291,69,3
207,45,4
242,86,4
622,17,3
114,79,3
819,39,3
302,40,3
96,117,4
294,2,3
701,82,4
360,27,4
288,21,3
154,87,4
570,7,3
850,52,3
207,19,4
564,73,3
854,12,4
883,110,3
662,94,4
565,71,4
213,2,4
885,114,3
811,76,4
850,3,3
663,21,3
717,78,4
320,79,3
767,51,3
881,105,3
647,10,4
566,116,3
65,55,4
132,51,3
868,108,3
872,61,3
498,91,5
243,97,4
192,75,4
660,65,3
601,95,3
561,97,4
648,85,4
191,80,3
149,103,4
599,87,3
416,74,2
869,86,4
16,105,4
106,47,3
283,100,3
104,111,4
35,80,3
113,13,3
308,115,3
53,61,3
859,58,3
81,84,3
834,84,4
369,86,4
242,29,3
829,107,4
704,63,3
869,47,3
233,23,3
610,30,4
243,30,2
59,107,4
771,67,3
529,56,3
718,113,4
302,101,2
678,77,4
803,106,4
897,96,3
112,101,3
900,8,3
317,88,4
865,44,2
145,80,4
668,96,3
690,34,3
648,96,3
18,17,4
351,2,3
155,90,4
506,44,3
360,102,4
332,49,3
528,2,3
12,72,3
75,110,3
691,9,3
641,1,2
283,69,3
195,103,4
30,14,4
9,27,3
309,9,3
677,84,3
705,79,4
426,100,4
817,3,4
772,120,3
704,117,3
691,118,2
91,110,3
456,73,3
444,30,3
727,19,4
475,67,3
103,50,4
623,48,4
456,3,4
314,98,4
247,66,3
234,27,4
594,87,4
644,106,4
235,96,4
387,99,3
847,40,2
611,18,3
38,27,4
161,11,4
462,39,4
117,89,3
241,7,3
648,57,3
562,2,4
806,38,2
298,5,4
805,78,5
154,82,3
652,68,4
468,88,3
49,77,3
654,119,3
46,85,4
675,57,4
285,97,3
628,5,4
82,24,4
44,99,4
706,30,4
770,28,4
273,53,3
394,51,3
786,109,4
595,42,3
58,35,3
565,119,4
1,94,3
317,103,3
473,117,4
484,76,3
766,54,3
671,29,3
287,10,3
511,27,4
578,83,4
458,42,4
95,37,3
493,61,4
765,96,3
150,79,3
23,21,4
756,3,3
215,8,3
410,93,3
131,83,3
855,17,3
148,10,3
381,97,4
109,13,3
552,91,3
120,66,4
456,74,3
530,85,4
143,97,4
37,52,4
698,61,3
231,15,3
254,22,4
297,65,3
10,26,4
446,21,4
836,105,4
230,24,4
536,103,4
425,32,3
401,77,3
109,42,3
792,32,3
263,50,5
363,108,3
867,24,3
378,13,4
341,79,3
259,10,3
335,42,4
522,3,4
814,16,3
308,81,4
262,89,4
797,111,3
631,99,4
680,37,3
865,60,3
701,77,4
452,24,2
229,58,3
702,9,3
636,19,3
596,28,3
297,7,4
727,45,4
237,86,4
625,94,4
217,63,3
246,16,4
847,5,4
319,29,5
404,115,3
37,6,4
731,57,3
342,33,4
389,49,3
39,80,4
856,26,3
152,37,3
899,77,3
365,116,3
601,96,3
760,32,2
477,25,3
434,47,3
797,22,3
842,91,3
551,102,4
393,20,3
613,109,3
244,50,4
580,47,3
192,47,3
540,72,3
270,51,3
738,55,3
884,14,3
167,69,4
284,47,3
704,21,4
89,15,3
649,100,4
156,97,4
250,81,4
95,84,4
17,1,3
117,80,3
333,109,3
823,82,3
522,10,4
80,23,4
646,18,4
203,58,3
116,73,3
220,110,3
253,117,3
847,77,4
316,52,3
717,116,3
372,46,2
760,107,3
877,13,3
156,17,3
614,67,4
13,61,3
508,65,3
783,5,4
804,32,2
220,89,4
15,45,3
750,56,3
117,5,4
331,101,3
56,87,3
351,76,4
132,34,3
226,61,3
308,87,3
475,80,4
222,113,3
173,62,4
340,69,3
797,63,3
506,44,3
157,28,3
151,70,4
697,13,3
178,43,3
533,30,4
112,26,4
683,81,3
233,73,3
332,57,3
542,64,4
893,80,3
307,49,3
161,52,3
402,63,3
278,82,4
320,13,3
533,93,4
897,107,3
497,109,3
363,88,3
372,45,4
655,46,4
36,77,4
438,41,3
726,46,4
186,73,3
174,68,4
566,92,4
673,12,4
250,88,4
763,110,4
279,73,4
683,35,4
695,102,4
2,99,5
194,33,2
759,118,4
756,117,3
380,46,3
285,26,3
887,42,4
421,77,2
113,30,3
471,32,3
813,36,4
528,19,3
496,22,4
162,57,4
818,11,4
705,26,4
722,48,3
378,19,4
446,83,4
427,67,3
696,119,4
504,56,4
527,18,3
817,113,5
721,5,4
684,112,4
582,115,3
736,70,3
691,76,3
758,52,4
490,75,3
772,39,3
620,59,4
754,26,4
468,80,3
804,5,3
186,72,3
12,21,4
641,97,4
884,103,4
434,107,4
208,63,3
133,20,4
196,117,3
262,45,3
282,22,4
369,77,4
103,103,3
183,82,3
9,30,3
557,63,4
244,97,4
782,44,4
624,67,3
567,58,4
393,65,3
527,36,4
37,6,4
178,37,3
639,93,3
629,75,3
852,116,3
72,55,4
352,77,4
623,75,4
149,59,3
697,38,3
105,115,4
221,79,3
826,117,4
863,77,4
374,106,3
518,33,5
260,13,3
861,117,4
42,58,3
771,88,3
897,20,3
492,108,2
439,17,4
783,114,4
47,24,4
686,40,3
58,32,4
711,93,3
39,98,4
252,91,4
643,92,3
803,86,3
762,60,4
446,107,4
52,58,4
374,67,3
156,58,3
542,112,3
90,85,4
679,80,3
351,73,3
69,77,3
163,74,4
242,49,4
383,49,3
52,42,3
654,40,3
63,71,3
509,46,3
91,82,3
664,21,2
424,51,2
365,74,3
150,97,4
840,9,3
271,18,3
881,13,3
581,17,4
116,87,3
704,25,3
516,54,3
587,16,4
241,95,3
30,75,4
143,23,3
326,41,4
695,103,3
16,86,4
872,105,3
713,42,3
107,48,4
379,117,3
162,18,4
283,63,4
269,78,5
484,92,3
667,11,4
243,64,4
598,36,4
799,83,3
259,77,3
798,97,4
149,53,3
867,83,4
390,47,3
416,52,2
426,96,4
702,79,3
217,57,4
867,75,2
86,23,3
320,56,3
118,86,3
882,42,4
415,18,2
599,71,3
161,3,3
703,28,4
420,63,4
664,113,3
95,47,3
442,37,3
558,86,3
288,19,4
865,14,4
412,83,3
400,97,3
528,85,3
18,65,3
136,26,3
464,10,4
759,99,4
843,70,4
1,70,4
702,99,3
381,80,4
509,105,3
460,72,3
505,59,3
806,3,3
476,5,4
557,85,4
849,95,3
897,78,3
118,83,3
184,117,3
191,84,4
747,52,3
750,66,3
728,63,4
74,7,3
623,97,4
103,53,4
871,114,3
586,106,4
420,6,3
473,7,3
764,44,3
114,18,4
379,107,3
330,29,4
238,25,3
173,63,4
464,115,3
605,32,2
501,27,3
562,51,3
285,34,3
223,28,4
593,73,3
667,85,3
373,110,3
233,30,3
671,13,4
763,64,3
314,38,4
813,119,4
380,22,3
794,31,3
614,99,3
563,42,3
420,62,3
52,106,3
721,64,4
819,74,3
643,9,3
509,95,3
782,44,3
731,63,3
257,40,3
185,88,4
145,41,5
690,113,3
14,72,3
246,50,4
187,20,4
337,81,3
259,92,3
866,70,4
601,33,4
637,92,3
418,117,3
351,63,3
9,57,4
350,65,3
84,105,3
533,52,4
793,99,2
358,88,4
378,6,4
172,7,4
25,9,4
393,101,3
103,61,3
702,80,2
410,35,3
825,99,3
549,20,3
805,87,3
332,60,3
664,106,3
794,54,3
649,47,3
871,46,4
29,87,3
19,10,3
148,107,3
471,75,3
491,40,3
283,55,3
862,119,3
853,73,3
812,40,4
675,76,3
113,81,2
455,96,3
662,23,3
330,15,4
255,115,4
599,92,3
862,102,4
610,5,3
508,40,3
644,18,4
824,21,3
407,79,3
609,3,4
290,90,3
868,79,3
739,109,4
657,53,3
156,20,3
782,59,3
162,21,3
624,90,3
843,105,4
697,87,4
717,113,4
377,25,3
567,68,2
117,10,3
605,86,3
805,67,4
716,83,3
794,95,3
506,9,3
189,29,4
476,37,4
323,110,3
596,71,3
180,117,3
786,38,4
181,88,4
693,72,3
287,59,3
475,57,4
618,90,3
641,60,3
262,28,3
162,46,3
181,71,4
725,67,3
469,116,3
786,86,4
21,55,4
275,38,4
260,117,3
333,110,4
116,18,3
845,63,3
766,103,2
723,5,4
817,44,4
851,29,3
257,107,4
168,100,4
849,14,3
533,58,4
598,44,3
15,18,4
304,87,3
416,62,3
305,45,4
196,16,3
876,64,4
813,37,4
800,115,4
388,25,4
865,55,2
455,28,3
713,9,4
705,12,4
848,18,3
127,56,4
134,74,2
393,81,3
365,51,4
279,32,4
758,88,3
363,107,3
749,48,3
171,8,3
51,30,3
328,26,3
871,24,3
592,79,3
145,92,3
274,75,3
155,39,2
508,66,3
849,51,4
363,73,3
325,50,3
848,45,3
655,87,4
298,33,3
304,78,4
467,96,4
239,113,4
766,20,4
884,5,3
176,84,4
885,78,4
410,91,4
726,90,4
23,30,4
318,91,3
525,26,3
753,82,3
620,108,3
229,111,3
664,88,2
108,4,3
176,67,3
320,118,3
286,43,3
876,30,3
877,16,2
753,71,3
657,39,4
356,86,5
14,41,4
275,31,3
195,105,3
865,41,3
812,116,3
879,93,3
106,108,3
770,64,4
893,117,4
196,19,3
145,87,4
350,114,3
424,72,4
471,25,3
686,38,4
93,99,3
260,90,4
575,3,3
541,2,3
787,5,3
859,61,3
285,20,3
484,76,4
372,38,3
70,80,2
379,101,3
279,102,3
743,36,3
302,46,3
255,93,2
684,99,3
692,113,4
264,37,4
695,54,3
834,21,3
717,21,4
424,92,3
761,70,3
213,84,3
671,60,4
100,36,4
829,77,4
112,104,2
308,11,3
678,88,3
475,83,4
548,87,3
112,31,3
183,37,3
597,60,4
781,61,4
165,67,3
815,98,2
90,29,4
455,67,3
238,79,3
679,67,3
727,111,3
58,107,3
542,16,3
618,45,4
402,34,4
842,84,3
679,44,3
862,117,3
666,103,4
839,97,4
46,35,3
530,75,3
776,30,4
74,53,3
416,58,3
657,28,4
614,15,4
335,38,3
847,50,4
633,13,4
688,111,4
575,35,3
296,111,4
84,24,4
15,120,3
867,65,3
134,106,3
478,88,3
633,91,4
319,18,4
392,58,3
479,26,3
640,29,3
367,44,3
288,90,4
813,5,4
378,33,3
692,104,3
594,113,4
13,111,4
536,36,4
168,77,4
270,81,4
70,13,3
318,25,3
376,58,4
89,2,3
701,88,3
257,36,3
217,25,3
894,12,4
141,114,3
161,106,4
824,37,3
152,107,2
859,1,3
260,60,4
728,67,4
279,49,3
285,90,4
610,79,2
542,46,4
602,120,2
148,111,4
656,48,3
869,68,4
570,19,3
793,88,3
279,40,3
748,6,3
443,80,3
897,96,3
865,94,2
128,35,3
337,72,4
721,5,4
186,37,3
684,89,4
260,97,3
717,103,3
647,88,4
558,11,4
507,106,5
521,99,3
471,40,3
161,65,3
289,8,4
340,87,3
900,84,3
502,11,4
106,71,4
475,94,4
853,48,3
600,103,4
483,106,3
704,60,4
153,49,3
823,67,3
649,7,4
785,107,3
149,77,2
188,101,3
131,23,3
452,51,3
516,47,4
491,97,4
476,5,4
263,96,4
538,94,3
459,95,4
536,13,5
741,5,3
781,23,3
637,62,3
684,1,3
435,91,3
275,54,3
588,72,3
308,116,2
726,3,4
376,83,3
158,64,4
814,51,3
204,2,3
661,49,3
75,31,3
380,112,3
741,117,3
304,74,3
62,117,3
570,80,3
786,101,3
108,84,3
187,3,4
229,35,4
48,98,4
831,85,3
268,36,3
727,64,4
254,118,4
870,18,3
181,56,4
25,102,3
388,67,4
222,53,2
511,91,4
561,66,3
846,64,4
440,67,3
311,110,3
274,39,3
35,118,4
217,117,3
721,38,3
672,40,3
408,19,4
269,108,4
638,5,4
475,69,4
880,14,3
325,91,4
356,49,5
90,64,5
42,112,3
365,100,3
671,57,4
202,104,3
366,35,3
794,85,4
288,119,3
603,88,3
481,39,3
637,114,2
501,24,4
638,40,3
52,107,3
103,110,4
424,77,3
699,102,4
14,58,3
629,43,3
470,39,4
304,2,3
605,63,4
427,16,3
656,37,3
675,87,4
565,90,4
515,80,3
246,63,4
389,111,3
308,94,3
352,64,4
799,97,4
460,9,3
325,101,3
667,70,4
599,30,3
33,104,3
187,59,3
192,48,5
213,94,4
600,82,3
428,76,3
351,119,3
108,60,4
177,64,3
565,54,4
330,80,3
561,87,3
881,75,3
607,88,3
447,86,4
644,120,4
179,15,4
395,113,4
145,79,4
876,74,4
198,28,4
837,36,4
84,54,3
457,86,3
476,87,3
253,93,4
887,22,3
72,75,4
223,36,3
776,55,3
246,42,4
341,32,3
573,14,4
471,18,4
771,101,3
7,34,3
188,45,3
4,87,4
743,32,4
645,110,3
125,67,4
15,63,3
525,55,2
630,43,3
360,68,4
518,77,4
320,96,3
231,29,3
30,40,3
156,119,4
630,45,3
852,119,4
705,10,4
346,45,3
195,120,2
168,17,4
377,102,4
489,2,3
751,17,4
244,119,4
581,38,4
607,37,3
171,5,4
574,92,3
207,22,3
154,93,3
786,63,3
48,35,4
649,55,4
1,20,3
747,5,4
768,39,3
407,63,4
107,108,4
173,32,4
506,103,3
130,63,3
398,74,4
294,40,4
552,17,4
447,101,3
850,79,3
16,73,3
639,32,3
885,23,4
349,75,3
203,60,4
134,77,4
771,82,3
508,56,3
480,106,4
863,69,3
459,62,4
342,64,4
707,107,3
159,32,3
161,47,3
254,2,4
897,85,3
527,92,3
549,52,3
155,88,3
27,37,3
12,27,4
542,64,3
96,70,3
215,26,4
194,54,3
647,15,4
290,29,3
885,74,3
39,28,4
864,59,2
206,115,3
899,73,4
555,21,4
484,10,3
337,4,4
496,118,4
771,62,4
249,4,4
74,6,4
373,90,4
831,104,3
879,80,3
786,92,3
871,38,3
702,49,3
457,65,3
814,83,3
823,50,4
843,17,4
444,113,4
794,44,3
411,12,3
678,70,4
538,72,3
453,3,4
419,49,3
585,8,4
115,64,3
51,92,3
369,59,4
683,30,3
515,75,3
888,114,4
850,16,4
813,25,3
854,45,3
679,51,3
435,103,4
777,61,3
227,113,2
663,40,3
268,104,3
116,61,3
600,67,3
754,76,3
360,15,4
845,4,4
182,27,4
490,103,3
273,120,3
119,37,4
536,43,4
258,37,3
483,104,3
509,85,3
92,29,3
161,29,4
149,49,3
117,75,3
458,51,4
565,50,4
814,28,4
777,5,4
774,56,3
819,64,4
234,89,5
375,97,4
547,17,5
850,113,3
25,89,3
395,97,3
714,55,4
785,118,3
36,9,4
474,91,3
223,89,3
864,68,3
789,73,3
530,110,3
188,79,3
402,16,3
257,16,3
654,13,4
136,78,4
819,86,5
444,73,3
418,63,4
574,41,4
129,53,2
341,68,3
257,99,4
724,117,3
566,9,4
687,51,4
100,48,4
39,80,4
263,49,4
150,18,3
633,10,4
690,85,4
813,115,3
330,54,4
120,79,3
814,40,3
123,118,3
244,112,3
587,105,4
518,47,3
21,118,3
190,101,3
225,20,3
615,98,3
856,22,3
99,82,4
363,5,4
693,83,3
664,74,2
56,21,4
702,61,3
22,77,3
580,55,4
185,24,4
522,23,4
578,87,4
264,11,4
225,47,3
635,2,4
38,70,4
123,53,3
156,15,4
301,73,3
645,92,3
874,23,4
394,27,4
652,88,4
594,14,3
570,54,3
661,99,4
131,49,3
69,62,3
762,72,4
320,44,3
177,108,3
529,98,3
841,61,2
160,42,3
582,23,3
625,73,3
533,36,3
135,55,3
758,89,3
283,18,4
796,38,3
719,67,4
194,20,4
47,19,4
342,13,4
242,17,4
522,78,4
370,30,3
131,43,3
270,48,4
814,43,3
164,114,3
525,66,2
272,119,3
720,53,3
758,72,3
133,78,4
244,34,4
806,77,3
434,74,4
38,72,4
871,71,3
568,13,3
319,90,4
510,56,3
376,59,4
560,32,3
617,83,4
474,120,3
59,79,3
499,2,4
218,118,4
567,83,4
567,97,3
129,103,3
383,114,3
388,33,3
510,103,3
726,28,3
437,57,4
826,70,3
293,52,3
49,44,3
787,47,4
129,13,3
29,76,4
343,30,4
545,85,4
119,66,3
692,53,4
663,18,3
133,28,4
185,42,4
506,107,4
646,117,3
241,9,3
716,109,4
516,94,3
840,101,4
165,38,2
640,68,3
557,102,3
218,50,4
747,60,4
648,13,2
680,119,3
749,99,3
605,94,3
5,42,3
668,68,3
872,31,3
81,111,3
247,12,3
855,64,3
493,79,4
649,61,3
386,53,4
575,26,3
307,61,3
628,10,4
625,12,4
7,104,3
515,53,4
819,21,4
755,35,3
568,71,2
10,27,4
573,60,4
562,99,3
122,47,3
687,66,4
38,109,4
702,24,3
338,120,4
702,88,3
184,24,4
17,104,3
383,112,3
316,112,4
497,34,3
721,40,3
553,90,3
473,1,3
115,30,3
100,117,3
885,43,3
438,82,3
349,53,3
139,47,4
846,9,3
302,1,3
294,71,4
529,44,3
834,59,3
74,106,4
484,16,3
16,38,3
336,115,4
793,25,4
873,93,3
516,83,3
127,82,4
824,111,3
518,59,5
129,29,3
511,80,4
385,40,3
883,8,3
825,6,4
195,45,4
65,109,4
615,94,2
277,108,2
224,21,3
278,57,5
366,113,3
516,6,3
215,103,4
439,63,3
428,6,4
729,53,4
396,4,3
501,9,2
586,74,4
227,111,4
375,72,4
500,87,4
93,4,3
460,58,3
321,71,3
10,6,4
817,106,4
456,79,3
278,99,4
598,50,3
538,96,3
730,14,4
393,99,4
95,11,3
756,10,3
107,61,3
390,81,4
760,13,3
673,60,4
664,51,3
587,5,3
376,112,5
727,74,3
51,12,4
143,13,3
419,85,4
548,112,4
500,54,4
167,97,4
748,54,3
260,41,4
192,48,4
202,51,3
774,47,3
185,50,4
158,118,4
758,96,4
622,76,3
99,46,4
241,99,2
491,100,4
202,38,3
634,112,4
509,92,3
629,13,3
96,76,3
490,108,3
888,93,5
218,77,4
527,99,4
273,13,3
786,34,3
883,19,3
332,116,4
856,95,3
453,33,5
152,27,3
816,2,3
414,79,2
527,83,3
379,95,3
428,16,3
866,107,3
84,79,3
192,6,4
41,14,4
864,27,4
836,38,3
773,19,4
309,37,4
378,107,4
136,4,3
106,90,4
814,105,4
542,113,3
126,40,3
357,15,4
400,105,4
389,4,4
535,52,3
701,18,5
74,105,3
5,53,3
82,99,3
776,41,3
278,93,4
840,117,3
855,88,3
224,4,4
320,7,4
606,23,4
19,104,3
640,85,4
343,63,3
594,65,3
766,41,4
733,89,4
343,95,4
52,44,2
338,45,4
115,51,3
348,65,3
1,54,4
63,56,4
760,94,3
743,82,3
226,72,3
19,90,4
845,58,3
633,15,5
837,10,4
161,16,4
255,43,2
114,108,4
504,16,4
672,80,3
220,28,3
357,62,4
524,35,4
242,59,3
375,9,3
139,104,3
147,45,4
182,82,4
57,109,2
42,109,4
866,15,3
711,109,3
692,48,3
2,96,4
288,40,2
617,91,3
512,83,4
730,74,3
222,44,3
331,46,4
617,6,3
404,117,3
508,24,3
127,73,4
265,91,3
764,6,3
15,118,4
226,33,4
865,85,3
105,110,3
493,38,4
319,44,4
277,31,2
773,37,3
893,11,3
341,92,3
452,5,3
369,64,5
848,76,4
474,3,3
190,56,4
884,63,4
419,105,3
865,54,3
789,2,3
848,90,3
39,118,5
162,12,4
262,80,2
728,94,4
824,57,3
561,47,3
129,116,3
540,4,4
356,75,4
660,117,2
840,82,4
65,91,4
218,101,4
563,62,4
427,2,3
817,15,4
74,75,4
460,91,4
425,120,3
711,49,4
192,112,4
189,111,4
12,87,4
239,35,4
872,116,2
593,94,3
453,47,4
383,24,3
782,83,3
48,93,4
317,77,3
547,23,4
119,12,4
754,41,4
36,29,5
764,51,3
755,23,4
554,31,2
581,109,4
403,21,4
107,24,3
39,72,4
581,108,3
180,9,3
12,22,3
716,77,4
548,98,4
126,3,4
63,101,3
82,28,3
819,90,4
609,98,4
49,15,2
637,48,4
701,99,4
57,88,3
861,116,3
109,52,3
221,4,3
294,12,4
10,19,4
677,79,3
481,57,3
727,94,3
638,109,4
267,37,3
792,76,3
88,83,3
455,98,3
533,92,4
148,55,4
729,37,3
242,114,3
702,39,4
741,106,3
378,52,4
388,110,4
791,84,3
781,84,3
415,66,2
16,13,4
297,77,4
220,41,3
769,49,5
367,15,4
229,54,2
631,31,3
440,61,4
690,58,3
36,53,4
847,86,3
422,118,4
620,61,3
189,80,4
178,42,3
608,29,4
20,92,3
609,93,4
143,5,3
62,52,3
242,113,4
238,106,3
131,102,3
605,53,3
603,52,4
645,38,3
123,44,4
440,53,3
342,115,4
419,2,4
630,109,3
455,54,3
198,84,4
282,107,4
1,77,3
723,90,3
332,46,3
862,79,3
699,55,3
797,72,4
95,11,3
786,29,4
553,69,3
147,63,4
246,47,4
644,111,3
297,7,4
123,117,4
655,64,5
704,64,4
456,92,3
719,12,5
231,36,2
402,11,4
592,53,3
130,70,4
376,47,4
578,81,3
739,67,3
765,74,4
642,105,3
243,39,2
824,107,3
724,72,3
190,34,3
738,41,4
758,97,3
568,49,3
567,10,4
818,18,4
409,25,3
340,106,3
153,41,3
565,36,4
398,2,3
444,83,3
623,74,4
427,49,2
204,53,3
112,19,4
325,115,4
258,26,2
528,54,2
350,115,3
678,51,3
813,111,2
894,25,3
435,114,3
426,17,4
280,74,3
249,46,4
891,115,4
181,55,4
703,50,4
651,75,3
885,12,4
336,40,4
695,8,3
695,88,4
4,14,4
317,87,4
851,117,3
763,54,3
133,100,3
612,17,3
684,45,3
799,5,4
119,3,3
350,9,3
687,84,3
542,114,4
708,83,3
453,21,4
553,80,3
685,33,3
330,5,4
208,63,4
845,26,3
685,92,3
245,33,3
872,110,4
685,18,3
335,18,3
596,33,3
685,27,4
183,49,3
133,50,3
800,108,3
774,77,2
350,52,3
282,98,4
293,68,3
269,99,5
861,19,4
20,76,3
759,106,4
840,25,3
713,33,4
115,37,2
701,116,4
566,9,3
682,14,4
395,3,4
381,69,3
539,26,3
862,53,4
387,104,4
668,23,4
398,93,4
820,74,3
286,58,3
698,69,3
369,29,5
655,62,4
422,53,3
718,45,3
654,27,3
697,116,3
443,34,4
753,14,4
288,74,3
95,60,4
41,51,4
331,75,4
813,11,4
781,35,2
155,19,3
504,88,4
275,118,4
666,65,4
565,76,4
179,61,3
767,67,4
736,52,3
180,109,3
182,114,3
259,32,4
243,80,4
96,102,3
387,40,4
408,68,4
269,63,4
171,15,3
691,39,3
170,57,3
159,10,3
509,71,2
447,97,4
666,17,4
82,76,3
57,17,3
112,120,3
48,16,4
592,119,4
887,78,3
376,3,4
33,108,3
504,51,4
3,46,3
516,55,3
868,105,4
772,99,2
42,26,4
9,119,4
819,76,4
657,31,4
609,116,4
788,81,3
436,19,3
27,90,4
43,68,3
131,15,4
606,111,4
598,78,3
508,48,3
881,42,3
246,110,4
21,43,4
408,34,3
457,60,3
444,83,4
265,3,4
660,68,4
184,11,3
227,13,3
804,50,3
548,82,4
246,19,4
150,33,3
69,38,3
805,3,4
230,113,3
723,99,3
72,65,3
608,36,5
84,39,2
748,64,4
293,104,4
734,13,4
223,68,4
793,70,4
733,75,3
231,72,4
426,116,3
554,9,4
770,36,4
196,113,3
608,103,5
829,106,4
625,106,4
277,108,2
320,102,3
160,1,2
492,99,3
631,28,4
161,71,3
308,107,3
863,56,4
146,108,3
675,9,2
396,65,3
691,36,2
89,98,3
751,117,3
308,32,2
451,25,3
167,107,5
392,51,3
637,63,4
736,120,3
491,90,3
150,45,3
468,118,4
701,26,4
43,21,4
29,82,3
874,93,4
849,24,4
693,92,3
128,11,4
767,27,4
294,23,5
869,80,3
388,92,3
766,92,3
642,109,4
524,38,4
547,55,4
760,42,3
328,34,4
245,3,3
762,6,3
878,48,4
829,102,3
163,64,4
560,120,3
493,70,4
646,33,3
239,105,4
580,57,4
123,13,4
667,51,3
271,53,3
380,36,3
764,37,3
249,19,3
521,35,4
585,54,4
813,6,4
724,83,4
570,71,4
220,34,3
787,83,3
761,97,3
528,26,4
75,105,3
618,117,4
136,113,4
74,42,4
254,91,5
18,38,4
43,26,3
515,59,3
731,24,3
796,21,3
814,60,4
582,90,3
202,67,3
207,10,4
415,12,3
221,97,4
758,62,3
81,61,3
763,80,3
563,17,4
285,10,4
369,12,4
492,83,3
346,23,4
204,40,3
25,74,3
553,74,2
69,50,3
516,10,3
492,103,3
899,83,3
629,5,4
707,94,3
602,90,3
690,104,3
657,34,3
714,66,3
344,14,4
715,41,4
536,42,4
355,13,3
471,29,4
105,65,3
787,46,3
572,63,4
883,4,3
527,28,4
504,83,4
709,36,3
235,107,4
856,13,3
263,114,4
893,97,4
289,14,4
570,80,4
657,120,3
878,32,4
554,50,3
350,27,3
200,35,3
686,3,3
897,4,3
335,7,3
607,77,3
217,105,4
623,3,4
692,111,4
675,59,3
631,74,3
325,111,4
145,28,3
308,59,2
654,118,3
634,53,3
285,10,4
392,71,3
738,103,3
360,3,4
769,7,3
797,9,3
165,104,3
733,99,3
581,90,4
224,13,3
124,109,3
344,94,4
851,40,4
524,114,3
52,62,3
129,62,3
135,103,3
657,10,4
127,106,4
738,87,4
273,76,4
187,62,4
3,77,2
285,104,2
22,113,4
477,115,3
498,16,4
434,73,3
758,116,3
234,74,4
837,93,4
663,33,3
725,88,3
376,35,4
730,75,3
246,39,4
788,119,3
663,87,4
708,25,3
21,114,3
257,80,3
529,48,3
51,85,4
447,10,4
270,41,4
595,83,3
818,99,3
636,59,3
262,120,3
365,41,3
49,66,3
518,51,4
629,62,4
118,30,3
453,40,4
865,40,4
641,102,3
683,106,4
27,15,4
711,100,4
372,3,3
899,24,3
826,41,4
857,63,3
529,61,3
685,48,4
613,47,3
186,56,4
696,105,3
215,113,3
29,119,3
102,8,3
123,78,3
54,18,4
283,108,4
614,110,3
117,84,3
557,69,4
114,65,2
855,109,2
701,80,4
293,69,3
195,22,3
887,12,4
207,118,3
564,22,4
49,55,3
379,108,3
394,62,4
224,48,4
23,17,4
657,13,4
724,28,4
812,67,4
553,5,3
172,60,3
698,15,3
726,81,3
306,44,2
564,119,4
582,46,3
708,29,4
151,68,4
428,96,4
621,49,4
467,43,3
630,102,3
877,68,3
607,77,3
768,20,3
556,111,3
156,64,4
206,115,3
786,42,3
155,101,3
691,12,3
509,89,4
572,94,4
74,79,3
49,119,3
783,36,3
467,8,4
585,28,4
708,116,2
179,86,3
48,60,4
72,49,4
113,38,4
897,58,3
159,46,4
786,98,3
816,102,4
30,75,4
92,1,2
113,95,3
259,69,4
107,40,3
575,68,3
390,115,4
358,69,3
783,69,4
427,16,3
478,54,3
859,63,4
849,18,3
503,107,3
573,99,4
120,82,4
573,4,3
309,115,4
538,95,2
475,9,3
552,31,3
344,5,3
628,100,3
136,16,3
277,42,3
811,41,2
533,80,2
899,84,4
247,30,3
411,26,3
27,49,4
673,15,4
346,52,4
476,105,4
287,107,3
885,60,4
76,87,4
401,44,3
655,111,4
498,89,4
848,63,3
516,118,2
328,50,3
366,111,3
729,72,4
28,9,4
713,15,3
386,48,4
273,20,4
826,35,3
127,101,3
202,67,3
521,60,3
287,98,3
88,100,2
318,99,4
19,73,3
593,94,2
107,119,3
458,54,4
311,90,4
412,12,4
624,105,4
635,108,3
498,80,4
244,26,4
690,23,3
380,106,3
515,57,3
207,30,2
394,23,4
21,74,4
805,36,4
527,95,4
343,107,4
718,86,3
202,43,3
120,107,4
649,118,4
812,102,4
807,111,3
389,66,3
824,87,3
234,118,4
633,99,5
602,60,3
320,37,3
180,96,3
857,120,4
76,53,4
649,12,4
496,105,4
522,67,3
201,98,2
346,24,4
483,102,2
60,40,3
619,57,4
646,118,4
221,79,3
815,114,2
502,45,3
133,89,3
846,72,4
53,116,2
62,114,3
23,13,4
44,110,3
820,79,4
558,6,4
728,71,3
852,97,4
47,47,3
859,93,3
820,102,4
657,44,3
89,32,4
174,3,3
119,84,4
668,92,3
178,38,3
832,4,3
342,79,3
568,17,3
59,37,4
438,88,2
428,102,3
426,106,4
381,105,3
185,41,4
559,8,4
460,67,4
889,30,3
102,86,4
556,52,4
15,97,4
748,25,3
873,52,3
51,59,3
309,30,4
636,67,3
635,93,3
70,32,2
230,87,4
480,120,3
533,83,4
108,79,3
876,51,4
241,63,3
135,87,3
90,104,4
440,101,3
298,19,3
407,101,3
308,35,3
102,63,4
847,81,3
624,103,4
693,113,4
528,13,3
608,118,4
293,86,2
146,110,4
404,23,3
814,108,3
2,107,4
119,97,4
855,91,3
606,35,4
191,12,3
3,9,3
623,78,4
177,101,4
257,67,4
873,108,3
477,61,2
398,21,3
496,7,3
220,97,3
173,99,4
736,11,4
390,45,3
502,32,3
789,119,3
761,106,4
260,83,3
131,36,2
113,118,3
798,37,3
799,75,4
723,41,4
20,77,3
215,92,3
409,107,4
271,33,4
407,72,4
692,119,3
194,32,4
180,68,3
675,57,4
714,62,3
14,115,4
859,82,4
246,87,3
14,93,4
99,2,3
33,77,2
436,16,2
257,118,3
19,19,4
664,32,3
260,67,4
826,32,3
416,105,3
359,25,3
720,53,2
754,119,4
116,25,3
404,33,3
202,31,3
376,36,4
250,87,3
446,111,3
278,108,4
112,89,3
843,49,3
473,44,3
688,30,3
392,13,3
143,43,4
181,93,4
516,102,3
798,91,4
269,26,4
277,47,4
553,37,3
633,3,4
275,26,4
743,98,3
816,97,4
86,15,4
63,66,3
404,28,4
192,84,3
293,38,3
330,53,3
107,110,3
871,4,4
622,72,3
722,119,3
651,46,3
598,84,4
556,26,4
82,96,4
890,69,4
855,44,3
567,53,4
586,51,5
885,13,4
129,41,3
256,11,4
231,37,3
497,60,4
863,45,4
455,106,3
355,18,3
624,93,4
485,79,3
820,20,4
146,44,3
33,36,3
260,69,3
843,37,3
265,33,3
832,82,3
542,19,4
392,51,3
588,106,3
447,22,4
129,105,4
271,1,2
89,54,4
170,20,3
128,58,2
174,35,4
573,70,4
511,70,4
891,114,3
367,3,4
60,101,3
551,95,3
635,99,3
789,45,4
816,17,4
794,15,3
191,5,3
461,86,4
804,46,3
664,11,3
233,92,3
474,14,3
271,55,2
847,116,3
134,42,4
171,75,2
415,94,3
28,102,4
136,5,4
888,22,4
505,77,4
241,44,3
856,115,3
444,115,4
434,85,4
509,101,3
799,25,3
2,92,4
195,105,3
606,68,4
840,93,4
308,47,4
647,35,4
716,87,3
250,7,3
147,56,3
346,116,3
348,52,3
254,110,4
176,58,3
125,23,3
763,3,4
398,61,3
131,9,3
562,53,3
605,68,3
822,89,3
407,70,4
846,82,4
20,7,3
603,31,3
355,102,3
173,56,4
189,96,5
824,99,2
2,61,3
873,92,3
168,108,4
536,30,3
877,22,3
580,17,3
370,10,4
706,71,3
596,68,4
437,42,4
207,27,4
49,7,3
829,75,3
682,117,3
129,8,3
447,8,5
614,101,3
35,5,4
819,71,4
813,100,3
369,88,4
349,112,3
506,12,3
643,47,3
238,106,3
280,55,3
269,45,4
201,70,4
612,2,3
680,14,4
611,82,3
823,102,4
831,57,3
839,32,3
355,62,3
578,115,3
847,78,4
559,13,3
849,40,2
894,31,4
231,37,3
308,45,4
719,86,4
146,59,3
152,28,3
791,61,3
663,43,3
21,59,3
254,16,4
218,44,4
72,113,4
162,66,3
130,10,4
581,47,3
225,19,3
758,84,4
580,93,4
384,81,3
107,51,4
621,115,4
840,13,4
103,63,3
141,109,3
134,118,4
880,35,4
510,100,4
667,59,3
894,67,3
512,104,3
250,61,3
889,50,3
599,53,3
816,46,4
753,52,3
600,29,3
483,5,3
836,67,4
172,74,3
869,95,3
17,75,3
294,40,4
394,105,4
822,72,4
498,116,4
234,68,5
390,62,4
52,105,3
15,58,3
112,69,4
696,58,3
872,35,3
7,14,3
563,15,4
826,6,3
753,16,3
245,87,4
365,106,4
367,46,4
698,63,3
287,12,3
106,119,4
13,19,4
146,76,3
478,109,4
631,119,3
715,77,4
115,2,3
509,20,3
152,119,4
57,95,3
157,21,4
822,8,3
133,39,3
163,37,4
275,29,3
695,83,3
837,109,4
44,38,4
718,90,4
318,100,3
585,68,5
753,3,3
154,109,3
237,111,3
893,12,4
221,47,3
598,26,3
177,43,3
771,107,3
220,77,2
38,44,3
654,38,3
747,55,4
203,52,4
841,115,3
806,19,3
684,105,4
125,91,3
65,60,4
793,31,3
244,35,4
527,88,3
226,52,3
643,51,3
707,56,4
293,99,3
721,21,3
381,1,4
625,108,3
756,53,2
703,103,4
769,98,4
839,82,4
218,62,3
871,89,3
275,79,3
52,47,4
374,96,3
363,113,4
567,50,3
14,82,3
781,31,2
340,64,3
602,29,3
539,15,3
89,58,4
41,23,4
304,38,3
268,41,3
