yummy,convenient,spicy,fattening,greasy,fast,cheap,tasty,expensive,healthy,disgusting,Like,Age,VisitFrequency,Gender,id
No,Yes,No,Yes,No,Yes,Yes,No,Yes,No,No,-3,61,Every three months,Female,0
Yes,Yes,No,Yes,Yes,Yes,Yes,Yes,Yes,No,No,+2,51,Every three months,Female,1
No,Yes,Yes,Yes,Yes,Yes,No,Yes,Yes,Yes,No,+1,62,Every three months,Female,2
Yes,Yes,No,Yes,Yes,Yes,Yes,Yes,No,No,Yes,+4,69,Once a week,Female,3
No,Yes,No,Yes,Yes,Yes,Yes,No,No,Yes,No,+2,49,Once a month,Male,4
Yes,Yes,No,Yes,No,Yes,Yes,Yes,No,No,No,+2,55,Every three months,Male,5
Yes,Yes,Yes,Yes,No,Yes,No,Yes,Yes,Yes,No,+2,56,Every three months,Female,6
Yes,Yes,No,Yes,Yes,Yes,Yes,Yes,No,No,No,I love it!+5,23,Once a week,Female,7
No,No,No,Yes,Yes,No,No,No,Yes,No,Yes,I hate it!-5,58,Once a year,Male,8
Yes,Yes,No,Yes,Yes,Yes,No,Yes,Yes,No,No,+1,32,Every three months,Female,9
No,Yes,No,Yes,No,Yes,Yes,No,No,No,Yes,-2,53,Every three months,Female,10
Yes,Yes,No,Yes,Yes,Yes,No,Yes,Yes,No,Yes,+3,28,Once a month,Male,11
No,Yes,No,Yes,No,Yes,Yes,No,No,No,No,0,65,Every three months,Male,12
Yes,Yes,No,Yes,No,Yes,No,Yes,Yes,Yes,No,I love it!+5,54,Once a month,Male,13
No,Yes,No,Yes,No,Yes,No,No,Yes,No,No,-3,67,Once a month,Male,14
Yes,Yes,No,Yes,No,Yes,Yes,Yes,No,No,No,+3,51,Once a month,Male,15
Yes,Yes,No,Yes,Yes,Yes,Yes,Yes,No,No,No,0,34,Once a month,Female,16
Yes,Yes,No,No,Yes,Yes,No,Yes,No,No,No,+2,31,Once a month,Male,17
No,No,No,Yes,Yes,Yes,Yes,No,Yes,No,Yes,-4,47,Every three months,Female,18
Yes,Yes,No,Yes,Yes,Yes,No,Yes,Yes,No,Yes,I love it!+5,37,More than once a week,Male,19
Yes,Yes,No,Yes,Yes,Yes,No,Yes,Yes,No,Yes,+2,41,Once a year,Female,20
Yes,Yes,No,Yes,No,Yes,Yes,Yes,Yes,No,No,+2,36,Once a month,Male,21
Yes,Yes,Yes,Yes,Yes,Yes,Yes,Yes,Yes,No,Yes,-2,23,Once a week,Female,22
Yes,Yes,Yes,Yes,No,Yes,No,Yes,Yes,No,No,I love it!+5,50,More than once a week,Female,23
Yes,Yes,No,Yes,No,Yes,Yes,Yes,No,Yes,No,+2,39,Every three months,Female,24
Yes,Yes,No,Yes,Yes,Yes,Yes,No,Yes,No,No,0,35,Every three months,Female,25
Yes,Yes,No,Yes,Yes,Yes,Yes,Yes,No,No,Yes,0,20,Every three months,Male,26
No,Yes,No,Yes,Yes,Yes,No,Yes,No,Yes,No,0,34,Once a month,Female,27
No,Yes,No,No,No,Yes,No,No,No,No,No,0,55,Every three months,Male,28
Yes,Yes,No,Yes,No,Yes,Yes,Yes,No,Yes,No,+3,24,Every three months,Female,29
Yes,Yes,No,Yes,Yes,Yes,Yes,Yes,No,No,No,+3,44,Once a month,Male,30
No,Yes,No,No,No,Yes,Yes,Yes,No,Yes,No,+3,40,Once a month,Female,31
Yes,Yes,No,Yes,Yes,Yes,Yes,Yes,No,No,No,+1,55,Once a month,Male,32
No,Yes,No,Yes,Yes,Yes,Yes,No,No,No,Yes,-4,37,Never,Male,33
Yes,Yes,No,Yes,No,Yes,Yes,Yes,No,Yes,No,+4,48,Once a week,Male,34
No,Yes,No,Yes,Yes,Yes,Yes,No,No,No,Yes,-2,54,Every three months,Female,35
Yes,Yes,No,Yes,No,Yes,Yes,Yes,No,Yes,No,+3,38,Every three months,Female,36
No,Yes,No,Yes,Yes,Yes,Yes,No,No,No,Yes,I hate it!-5,49,Every three months,Female,37
No,No,No,Yes,Yes,Yes,Yes,No,No,No,Yes,-4,35,Never,Female,38
No,No,No,Yes,Yes,Yes,No,No,Yes,No,Yes,-4,55,Once a year,Male,39
Yes,No,No,Yes,No,No,No,Yes,Yes,No,No,+2,31,Once a year,Male,40
Yes,Yes,No,Yes,No,Yes,Yes,Yes,No,Yes,No,+3,57,More than once a week,Male,41
Yes,Yes,Yes,Yes,No,Yes,Yes,Yes,No,Yes,No,+4,69,More than once a week,Male,42
Yes,Yes,No,Yes,No,Yes,No,Yes,No,No,No,+3,37,Every three months,Female,43
No,Yes,No,Yes,Yes,Yes,Yes,No,No,No,Yes,I hate it!-5,60,Never,Male,44
Yes,Yes,Yes,Yes,Yes,Yes,Yes,Yes,Yes,Yes,Yes,+2,36,Once a month,Male,45
No,Yes,No,No,No,Yes,No,Yes,No,Yes,No,+1,54,Every three months,Male,46
Yes,Yes,No,Yes,No,Yes,No,Yes,Yes,No,No,+4,66,Once a month,Male,47
Yes,Yes,No,Yes,No,Yes,Yes,Yes,No,No,No,0,32,Once a month,Female,48
Yes,Yes,No,Yes,Yes,Yes,Yes,Yes,No,No,No,+2,67,Once a year,Male,49
No,Yes,Yes,Yes,Yes,Yes,No,No,Yes,No,Yes,-4,42,Once a week,Female,50
Yes,Yes,No,Yes,Yes,Yes,Yes,No,No,No,No,+2,26,Once a month,Female,51
Yes,Yes,No,Yes,Yes,Yes,No,Yes,Yes,No,No,+1,58,Once a year,Female,52
No,Yes,No,Yes,No,Yes,No,No,Yes,No,Yes,I hate it!-5,48,Once a month,Male,53
Yes,Yes,No,No,No,Yes,Yes,Yes,No,Yes,No,+4,54,Once a month,Female,54
No,Yes,No,Yes,No,Yes,Yes,Yes,No,No,No,0,62,Once a year,Male,55
No,Yes,No,Yes,Yes,Yes,Yes,No,No,No,Yes,-4,52,Once a year,Female,56
No,Yes,No,Yes,Yes,Yes,Yes,No,No,No,No,0,53,Every three months,Male,57
Yes,Yes,No,Yes,No,Yes,Yes,Yes,No,No,No,+4,47,More than once a week,Male,58
Yes,Yes,No,Yes,Yes,Yes,Yes,Yes,No,No,No,I love it!+5,26,Once a month,Female,59
Yes,Yes,No,Yes,Yes,Yes,No,Yes,No,No,No,I love it!+5,29,Once a week,Female,60
Yes,Yes,No,Yes,Yes,Yes,Yes,Yes,No,Yes,No,+3,24,Once a week,Male,61
Yes,Yes,No,Yes,No,Yes,Yes,Yes,No,Yes,No,I love it!+5,25,Once a week,Female,62
No,Yes,No,Yes,Yes,Yes,No,No,Yes,No,No,0,54,Once a month,Male,63
Yes,Yes,No,Yes,Yes,Yes,Yes,Yes,No,No,No,+4,23,Once a month,Female,64
No,No,No,Yes,No,Yes,No,No,Yes,No,Yes,0,34,Never,Female,65
No,Yes,No,No,No,No,No,No,Yes,No,No,+1,47,Every three months,Male,66
Yes,Yes,Yes,Yes,Yes,Yes,Yes,Yes,Yes,Yes,Yes,+3,22,Once a week,Male,67
No,Yes,No,Yes,No,Yes,Yes,Yes,No,Yes,No,0,47,Once a year,Male,68
Yes,Yes,No,Yes,No,Yes,Yes,Yes,No,No,No,+4,56,Once a month,Male,69
No,Yes,No,Yes,No,Yes,Yes,No,No,Yes,No,-1,55,Every three months,Male,70
Yes,Yes,No,No,No,Yes,Yes,Yes,No,Yes,No,+3,56,Every three months,Female,71
No,Yes,No,Yes,No,No,No,Yes,Yes,No,No,0,56,Every three months,Female,72
No,Yes,No,Yes,Yes,Yes,Yes,Yes,No,No,No,+2,37,Every three months,Female,73
Yes,Yes,No,No,No,Yes,Yes,Yes,No,Yes,No,I love it!+5,50,Once a week,Female,74
No,Yes,No,Yes,Yes,No,No,No,Yes,No,Yes,-1,40,Every three months,Male,75
Yes,Yes,No,Yes,No,Yes,Yes,Yes,No,No,No,+4,61,Once a week,Male,76
No,Yes,No,Yes,No,Yes,No,No,Yes,No,No,-2,55,Every three months,Male,77
Yes,Yes,Yes,Yes,Yes,Yes,No,Yes,Yes,No,No,-1,45,Once a year,Female,78
Yes,Yes,No,No,No,Yes,Yes,Yes,No,Yes,No,+1,42,Once a month,Male,79
No,Yes,No,Yes,Yes,Yes,No,No,No,No,Yes,+2,52,Every three months,Male,80
No,Yes,No,Yes,No,Yes,Yes,Yes,No,No,No,+2,58,Once a year,Female,81
No,Yes,No,Yes,No,Yes,Yes,Yes,No,No,No,+1,48,Once a month,Male,82
Yes,Yes,No,No,No,Yes,Yes,Yes,No,Yes,No,+3,58,Once a week,Male,83
No,No,No,Yes,Yes,Yes,No,Yes,Yes,No,No,-3,18,Once a year,Male,84
Yes,Yes,No,No,No,Yes,Yes,Yes,No,No,No,+4,68,Once a month,Female,85
Yes,Yes,No,Yes,Yes,Yes,Yes,Yes,Yes,No,Yes,+1,49,Once a month,Female,86
No,Yes,No,Yes,Yes,No,No,Yes,Yes,No,No,I hate it!-5,50,Once a week,Female,87
Yes,Yes,No,Yes,No,Yes,No,Yes,Yes,No,No,+2,43,Every three months,Female,88
Yes,Yes,Yes,Yes,No,Yes,Yes,Yes,Yes,No,No,+4,67,Every three months,Male,89
Yes,Yes,No,Yes,No,Yes,Yes,Yes,No,No,No,+1,40,Once a week,Female,90
Yes,Yes,No,Yes,Yes,Yes,Yes,Yes,No,No,Yes,I hate it!-5,35,Never,Male,91
No,No,No,Yes,Yes,No,No,No,Yes,No,Yes,I hate it!-5,42,Every three months,Female,92
No,Yes,No,Yes,No,Yes,Yes,Yes,No,No,No,+2,41,Every three months,Female,93
Yes,Yes,No,Yes,Yes,Yes,Yes,Yes,No,Yes,No,+4,32,Once a month,Male,94
Yes,Yes,No,Yes,Yes,Yes,No,Yes,No,No,No,+3,21,Once a month,Female,95
No,Yes,No,Yes,Yes,Yes,Yes,Yes,No,No,No,+4,56,Once a week,Female,96
No,Yes,No,Yes,Yes,Yes,No,No,No,No,No,+2,27,Every three months,Male,97
No,Yes,No,Yes,Yes,Yes,No,No,Yes,No,No,0,48,Once a year,Female,98
Yes,Yes,No,Yes,No,Yes,Yes,Yes,No,No,No,+2,32,Once a week,Male,99
No,Yes,No,Yes,Yes,Yes,Yes,No,No,No,No,+3,50,Once a month,Male,100
Yes,Yes,No,Yes,Yes,Yes,No,Yes,Yes,No,No,+2,42,Once a year,Female,101
Yes,Yes,Yes,Yes,Yes,Yes,Yes,Yes,Yes,Yes,Yes,I love it!+5,35,More than once a week,Male,102
Yes,Yes,Yes,Yes,No,Yes,Yes,Yes,No,No,No,+4,57,Once a month,Female,103
Yes,Yes,No,Yes,No,Yes,No,Yes,No,No,No,+3,68,Once a month,Male,104
No,Yes,No,Yes,No,Yes,No,No,Yes,No,No,+3,51,Once a month,Female,105
Yes,Yes,No,Yes,Yes,No,No,Yes,Yes,No,Yes,-2,42,Every three months,Female,106
No,Yes,No,Yes,No,No,No,No,No,No,No,0,44,Every three months,Female,107
Yes,Yes,No,Yes,No,Yes,Yes,Yes,No,No,No,+2,57,Once a year,Female,108
No,Yes,No,Yes,Yes,Yes,Yes,No,No,No,No,+2,56,Once a year,Female,109
No,Yes,Yes,Yes,No,No,No,No,No,No,No,-2,57,Every three months,Female,110
Yes,Yes,No,No,No,Yes,No,Yes,Yes,Yes,No,I love it!+5,33,Once a week,Female,111
No,No,No,Yes,Yes,No,No,No,Yes,No,Yes,-3,63,Every three months,Male,112
Yes,Yes,No,Yes,No,Yes,No,Yes,Yes,No,No,+2,55,Once a month,Male,113
No,Yes,No,Yes,Yes,No,No,No,Yes,No,No,0,39,Every three months,Female,114
No,Yes,No,Yes,No,Yes,Yes,No,No,No,No,-3,65,Never,Male,115
Yes,Yes,Yes,Yes,Yes,Yes,Yes,Yes,No,Yes,No,+4,47,Once a week,Female,116
Yes,Yes,No,Yes,No,Yes,Yes,Yes,No,Yes,No,+1,37,Every three months,Female,117
No,Yes,No,Yes,Yes,Yes,Yes,No,No,No,Yes,-1,22,Once a year,Male,118
No,Yes,No,Yes,Yes,Yes,Yes,No,No,No,No,-2,51,Every three months,Male,119
Yes,Yes,No,No,No,Yes,Yes,Yes,No,Yes,No,I love it!+5,24,Once a month,Female,120
Yes,Yes,Yes,Yes,Yes,Yes,Yes,Yes,Yes,No,No,+1,49,Once a month,Female,121
Yes,Yes,No,Yes,No,Yes,No,Yes,Yes,Yes,No,I love it!+5,55,Once a month,Female,122
No,Yes,No,Yes,No,Yes,Yes,No,No,No,Yes,I hate it!-5,48,Once a year,Male,123
Yes,Yes,No,Yes,Yes,Yes,Yes,Yes,No,No,No,+3,24,Every three months,Female,124
No,Yes,No,Yes,No,Yes,No,Yes,Yes,No,No,-2,47,Every three months,Male,125
No,Yes,No,Yes,No,Yes,Yes,No,No,No,Yes,-4,54,Once a year,Male,126
Yes,Yes,No,Yes,No,Yes,Yes,Yes,No,No,No,+4,23,Once a week,Female,127
No,Yes,No,Yes,Yes,Yes,Yes,No,No,Yes,No,+1,34,Every three months,Female,128
Yes,Yes,No,Yes,Yes,Yes,Yes,Yes,No,No,Yes,+3,32,Once a month,Female,129
No,Yes,No,No,No,Yes,Yes,No,No,No,No,+3,58,Once a month,Female,130
No,Yes,No,Yes,No,Yes,No,No,Yes,No,No,0,46,Once a year,Female,131
Yes,Yes,No,Yes,No,Yes,Yes,Yes,No,No,No,0,23,Every three months,Female,132
Yes,Yes,No,Yes,Yes,Yes,Yes,Yes,No,No,No,+1,31,Once a month,Male,133
No,Yes,No,Yes,Yes,Yes,Yes,Yes,No,No,No,0,59,Once a year,Male,134
No,Yes,Yes,Yes,Yes,Yes,No,No,Yes,Yes,No,0,47,Once a month,Male,135
Yes,Yes,No,Yes,No,Yes,Yes,Yes,No,No,No,+3,58,More than once a week,Female,136
Yes,Yes,No,Yes,No,Yes,Yes,Yes,No,No,No,+4,55,Every three months,Male,137
Yes,Yes,No,Yes,Yes,No,Yes,Yes,No,No,No,+4,62,Once a month,Female,138
Yes,Yes,No,Yes,Yes,Yes,Yes,Yes,No,No,No,+2,20,Once a month,Male,139
No,Yes,No,Yes,No,Yes,Yes,Yes,No,No,No,0,42,Every three months,Male,140
No,Yes,No,Yes,Yes,Yes,Yes,No,No,No,Yes,-3,29,Once a month,Male,141
No,Yes,No,Yes,No,Yes,No,No,Yes,No,No,+1,63,Once a month,Male,142
No,Yes,No,Yes,Yes,Yes,Yes,Yes,No,No,Yes,+2,26,Once a week,Male,143
Yes,No,No,Yes,Yes,Yes,Yes,Yes,No,No,No,I love it!+5,19,Once a month,Female,144
Yes,Yes,No,Yes,No,Yes,Yes,Yes,No,No,No,+1,61,Once a year,Female,145
Yes,Yes,No,Yes,Yes,Yes,No,Yes,Yes,No,No,I love it!+5,19,Once a week,Male,146
Yes,Yes,No,Yes,No,Yes,No,Yes,Yes,Yes,No,+4,56,Once a month,Female,147
No,Yes,No,Yes,Yes,Yes,No,No,Yes,No,Yes,-4,39,Once a year,Female,148
Yes,Yes,No,Yes,Yes,Yes,No,Yes,Yes,No,No,0,45,Once a month,Male,149
No,No,No,Yes,Yes,No,No,No,Yes,No,Yes,I hate it!-5,52,Once a year,Male,150
Yes,Yes,No,No,No,Yes,Yes,Yes,No,Yes,No,0,42,Once a month,Female,151
Yes,Yes,No,Yes,Yes,Yes,No,Yes,Yes,No,No,+3,47,Once a month,Female,152
Yes,Yes,No,Yes,No,Yes,Yes,Yes,No,No,No,I love it!+5,22,Once a week,Female,153
Yes,Yes,Yes,Yes,Yes,Yes,Yes,Yes,No,No,No,+2,63,Once a month,Male,154
Yes,Yes,No,Yes,Yes,Yes,Yes,Yes,No,No,No,I love it!+5,65,Every three months,Female,155
No,Yes,No,No,No,Yes,Yes,Yes,No,No,No,+1,63,Every three months,Male,156
Yes,Yes,No,Yes,Yes,Yes,No,Yes,Yes,No,No,+3,25,Once a month,Male,157
Yes,Yes,No,Yes,Yes,Yes,No,Yes,Yes,No,No,+1,62,Once a year,Male,158
No,Yes,No,Yes,Yes,No,Yes,No,No,No,No,0,59,Once a year,Female,159
No,Yes,No,Yes,Yes,Yes,Yes,Yes,No,No,No,+1,67,Once a year,Male,160
No,No,No,Yes,Yes,Yes,No,No,Yes,No,Yes,I hate it!-5,60,Never,Male,161
Yes,Yes,No,No,No,Yes,Yes,Yes,No,Yes,No,+4,69,Once a week,Male,162
No,No,No,Yes,Yes,Yes,No,No,Yes,No,Yes,I hate it!-5,40,Never,Male,163
Yes,Yes,No,No,No,Yes,Yes,Yes,No,Yes,No,+2,67,Once a year,Male,164
Yes,Yes,No,No,No,Yes,Yes,Yes,No,Yes,No,+2,37,Every three months,Female,165
No,Yes,Yes,No,Yes,Yes,No,No,Yes,No,No,-4,65,Every three months,Male,166
Yes,Yes,No,Yes,No,Yes,No,Yes,Yes,No,No,+3,64,Once a month,Female,167
Yes,Yes,No,Yes,No,Yes,Yes,Yes,No,No,No,+4,57,Once a month,Female,168
Yes,Yes,No,Yes,Yes,Yes,No,Yes,Yes,Yes,No,I love it!+5,37,Once a week,Male,169
Yes,Yes,No,Yes,Yes,Yes,No,Yes,Yes,Yes,No,+2,39,Once a month,Female,170
Yes,Yes,No,Yes,No,Yes,No,Yes,No,No,No,+1,64,Every three months,Male,171
Yes,Yes,No,Yes,Yes,Yes,Yes,Yes,No,No,Yes,-2,23,Once a year,Male,172
Yes,No,Yes,Yes,Yes,Yes,Yes,No,No,No,Yes,+2,50,Once a week,Female,173
No,Yes,No,Yes,Yes,Yes,No,No,Yes,No,Yes,-4,60,Every three months,Male,174
No,Yes,No,Yes,Yes,Yes,No,No,Yes,No,Yes,-2,32,Once a year,Male,175
No,Yes,No,Yes,Yes,Yes,Yes,No,No,No,Yes,I hate it!-5,59,Never,Female,176
No,No,No,Yes,No,Yes,No,No,Yes,No,Yes,-2,37,Once a month,Male,177
Yes,Yes,No,Yes,Yes,Yes,No,Yes,No,Yes,No,+3,25,More than once a week,Female,178
No,Yes,No,No,No,Yes,No,No,No,No,No,+3,55,Once a month,Male,179
No,Yes,No,Yes,Yes,Yes,No,Yes,Yes,No,Yes,-2,25,Once a month,Male,180
No,Yes,No,No,No,Yes,Yes,No,No,Yes,Yes,-3,35,Once a year,Female,181
No,No,Yes,Yes,Yes,Yes,Yes,No,No,No,Yes,-4,58,Never,Female,182
No,Yes,No,Yes,Yes,Yes,Yes,No,No,No,Yes,I hate it!-5,32,Never,Male,183
Yes,Yes,No,Yes,Yes,Yes,Yes,Yes,Yes,No,Yes,I hate it!-5,45,Never,Female,184
No,Yes,No,Yes,No,Yes,No,No,Yes,No,No,-3,60,Once a year,Female,185
No,Yes,No,Yes,No,Yes,Yes,Yes,No,No,No,+3,59,Once a year,Male,186
No,Yes,No,Yes,No,Yes,Yes,No,No,No,No,0,36,Once a month,Female,187
No,Yes,No,Yes,Yes,Yes,Yes,No,No,No,Yes,0,55,Once a year,Male,188
Yes,Yes,No,Yes,No,Yes,Yes,No,No,No,No,+1,55,Every three months,Female,189
Yes,Yes,No,Yes,No,Yes,No,Yes,Yes,No,No,+3,22,Once a month,Female,190
Yes,Yes,No,Yes,Yes,Yes,Yes,Yes,No,No,No,+3,21,Once a week,Female,191
Yes,Yes,No,Yes,Yes,Yes,Yes,Yes,No,No,No,+1,62,Once a week,Male,192
Yes,Yes,No,Yes,Yes,Yes,Yes,Yes,No,No,No,+3,29,Once a month,Male,193
Yes,Yes,No,Yes,Yes,Yes,Yes,Yes,No,Yes,No,+1,36,Once a month,Female,194
No,Yes,No,Yes,Yes,Yes,No,No,No,No,No,0,44,Once a year,Male,195
No,Yes,No,Yes,Yes,Yes,Yes,No,No,No,No,+2,47,Once a year,Female,196
No,No,No,Yes,Yes,No,No,No,Yes,No,Yes,I hate it!-5,57,Once a year,Female,197
No,Yes,No,Yes,No,Yes,Yes,Yes,No,No,No,+1,23,Once a year,Female,198
Yes,Yes,No,Yes,Yes,Yes,Yes,Yes,No,No,No,I love it!+5,31,Once a week,Female,199
Yes,Yes,No,No,No,Yes,Yes,Yes,No,Yes,No,+4,70,More than once a week,Female,200
Yes,Yes,Yes,Yes,No,Yes,Yes,Yes,No,Yes,No,I love it!+5,24,Once a week,Male,201
No,Yes,No,Yes,Yes,Yes,No,Yes,Yes,No,No,+3,27,Every three months,Male,202
No,Yes,No,Yes,Yes,Yes,Yes,No,No,No,Yes,I hate it!-5,58,Never,Female,203
No,Yes,Yes,Yes,No,Yes,Yes,No,No,No,No,+2,51,Once a week,Male,204
No,No,No,Yes,Yes,No,No,No,Yes,No,Yes,-2,36,Every three months,Male,205
No,Yes,No,Yes,No,Yes,Yes,Yes,No,No,No,0,36,Once a month,Female,206
No,No,Yes,Yes,Yes,Yes,No,No,Yes,No,Yes,0,43,Every three months,Male,207
No,Yes,Yes,Yes,Yes,No,No,No,Yes,No,Yes,-3,64,Never,Male,208
No,Yes,No,Yes,No,Yes,No,No,Yes,No,Yes,-3,52,Once a month,Male,209
No,Yes,No,Yes,No,Yes,Yes,Yes,No,No,No,+1,53,Never,Male,210
No,Yes,No,Yes,Yes,Yes,No,No,Yes,No,Yes,I hate it!-5,52,Never,Female,211
Yes,Yes,Yes,Yes,Yes,Yes,Yes,Yes,No,No,No,+3,33,Once a week,Female,212
Yes,Yes,No,Yes,Yes,Yes,Yes,Yes,No,No,No,I love it!+5,24,Once a week,Male,213
Yes,Yes,No,No,No,Yes,No,Yes,No,No,No,+4,64,Once a month,Female,214
Yes,Yes,Yes,Yes,Yes,Yes,No,Yes,Yes,Yes,Yes,+3,41,Once a month,Male,215
No,No,No,Yes,Yes,No,Yes,No,No,No,Yes,I hate it!-5,56,Once a year,Female,216
Yes,Yes,No,Yes,No,Yes,Yes,Yes,No,Yes,No,+4,49,Once a month,Female,217
Yes,No,No,Yes,Yes,Yes,No,Yes,Yes,No,No,-1,24,Once a year,Female,218
No,Yes,No,Yes,No,Yes,Yes,No,No,No,No,+2,62,Every three months,Female,219
No,Yes,No,No,No,Yes,Yes,Yes,No,No,No,0,56,Every three months,Male,220
Yes,Yes,No,Yes,Yes,No,No,Yes,No,No,No,+3,67,Every three months,Male,221
Yes,Yes,No,Yes,No,Yes,Yes,Yes,No,No,No,+3,27,Once a month,Male,222
No,Yes,No,Yes,No,Yes,No,No,Yes,No,Yes,-4,53,Once a year,Male,223
Yes,Yes,Yes,Yes,No,Yes,Yes,Yes,No,Yes,Yes,-4,60,Once a year,Female,224
No,Yes,No,Yes,Yes,Yes,Yes,Yes,No,No,No,0,51,Once a year,Female,225
No,Yes,Yes,Yes,Yes,Yes,No,Yes,Yes,No,No,I hate it!-5,67,Once a year,Female,226
Yes,Yes,No,Yes,No,Yes,Yes,Yes,No,No,No,+3,27,Once a month,Female,227
No,Yes,No,Yes,Yes,Yes,No,No,Yes,No,No,0,56,Every three months,Male,228
Yes,Yes,No,Yes,Yes,Yes,Yes,Yes,No,No,No,+4,39,Once a month,Male,229
Yes,Yes,No,Yes,No,Yes,Yes,Yes,No,No,No,+4,35,Once a week,Female,230
Yes,Yes,No,Yes,Yes,Yes,Yes,Yes,No,No,No,+2,68,Once a month,Female,231
Yes,Yes,No,No,Yes,Yes,Yes,Yes,No,Yes,No,I love it!+5,57,Once a week,Female,232
No,Yes,No,Yes,Yes,Yes,Yes,No,No,No,Yes,I hate it!-5,50,Never,Female,233
Yes,Yes,No,No,No,Yes,Yes,Yes,No,Yes,No,+3,64,Once a month,Female,234
No,Yes,No,Yes,No,Yes,Yes,No,No,No,No,-3,66,Once a week,Female,235
Yes,Yes,Yes,No,No,Yes,Yes,Yes,No,Yes,No,I love it!+5,27,More than once a week,Male,236
No,No,No,Yes,No,Yes,No,No,Yes,No,Yes,I hate it!-5,70,Never,Male,237
No,Yes,No,Yes,Yes,No,Yes,Yes,Yes,No,No,-1,51,Once a month,Male,238
Yes,Yes,No,Yes,No,Yes,Yes,Yes,No,No,No,0,60,Once a year,Female,239
No,No,No,Yes,No,Yes,No,No,Yes,No,Yes,-4,49,Once a year,Female,240
No,Yes,No,Yes,Yes,Yes,Yes,No,No,No,Yes,I hate it!-5,54,Never,Female,241
No,No,No,Yes,Yes,Yes,No,No,Yes,No,Yes,I hate it!-5,58,Never,Female,242
No,No,No,No,No,Yes,Yes,No,No,No,No,-3,70,Once a month,Female,243
Yes,Yes,No,No,No,Yes,No,Yes,Yes,No,No,+3,59,More than once a week,Male,244
No,Yes,No,Yes,No,Yes,Yes,No,No,Yes,No,+1,54,Once a year,Female,245
No,Yes,Yes,No,Yes,Yes,No,No,Yes,No,No,-3,52,Every three months,Female,246
Yes,Yes,No,Yes,Yes,Yes,Yes,Yes,No,Yes,No,+4,22,Once a week,Female,247
Yes,Yes,No,Yes,Yes,Yes,No,Yes,Yes,No,No,+3,53,Every three months,Female,248
Yes,Yes,No,No,No,Yes,Yes,Yes,No,Yes,No,I love it!+5,69,More than once a week,Female,249
No,Yes,Yes,Yes,Yes,Yes,No,No,Yes,No,Yes,+1,20,Every three months,Male,250
Yes,Yes,Yes,Yes,No,Yes,Yes,No,No,No,No,+3,66,Once a month,Female,251
Yes,Yes,No,Yes,No,Yes,Yes,Yes,No,No,No,I love it!+5,25,More than once a week,Female,252
Yes,Yes,No,Yes,Yes,Yes,No,Yes,Yes,No,No,I love it!+5,31,Once a week,Female,253
Yes,Yes,No,Yes,No,Yes,Yes,Yes,No,Yes,No,+1,67,Once a month,Female,254
Yes,Yes,Yes,Yes,No,Yes,Yes,Yes,No,No,No,+3,56,Once a month,Female,255
No,Yes,No,Yes,Yes,Yes,Yes,Yes,No,No,No,+1,48,Once a year,Female,256
No,Yes,No,Yes,No,Yes,Yes,No,No,No,No,-1,54,Every three months,Female,257
Yes,Yes,No,No,No,Yes,Yes,Yes,No,Yes,No,I love it!+5,58,Once a month,Male,258
Yes,Yes,No,Yes,No,Yes,Yes,Yes,No,No,No,+3,42,Once a week,Female,259
Yes,Yes,No,Yes,No,Yes,No,Yes,No,No,No,+4,38,Once a week,Female,260
No,Yes,No,Yes,Yes,Yes,Yes,Yes,No,Yes,No,+2,28,Every three months,Male,261
Yes,Yes,No,Yes,No,Yes,No,Yes,Yes,No,No,+3,47,Once a week,Female,262
No,No,No,Yes,Yes,Yes,Yes,No,No,No,No,0,49,Once a year,Male,263
No,Yes,No,Yes,Yes,Yes,Yes,Yes,No,No,Yes,0,40,Every three months,Female,264
No,No,No,Yes,Yes,Yes,No,Yes,Yes,Yes,Yes,0,31,Once a week,Male,265
No,Yes,Yes,Yes,Yes,Yes,Yes,No,No,No,No,I hate it!-5,50,Never,Male,266
Yes,No,Yes,Yes,No,Yes,Yes,Yes,No,No,No,-1,69,Once a year,Female,267
Yes,Yes,No,Yes,No,Yes,Yes,Yes,No,Yes,No,+4,40,Once a month,Female,268
Yes,Yes,No,Yes,Yes,Yes,Yes,Yes,No,No,Yes,I love it!+5,30,Once a month,Male,269
No,Yes,No,Yes,Yes,Yes,Yes,Yes,No,No,Yes,-3,44,Once a year,Male,270
Yes,Yes,No,Yes,Yes,Yes,No,Yes,Yes,No,No,+3,32,Once a month,Male,271
Yes,Yes,No,Yes,No,Yes,Yes,Yes,No,No,No,+3,67,Once a week,Male,272
Yes,Yes,No,Yes,Yes,Yes,Yes,Yes,No,No,No,I love it!+5,18,Once a week,Female,273
No,Yes,No,Yes,Yes,Yes,Yes,No,No,No,No,-3,27,Once a year,Female,274
No,Yes,No,Yes,Yes,Yes,No,No,Yes,No,No,-1,61,Once a year,Female,275
No,Yes,No,Yes,No,Yes,Yes,No,No,No,No,-4,47,Once a year,Male,276
Yes,Yes,No,Yes,Yes,Yes,Yes,Yes,No,No,No,-4,20,Every three months,Male,277
Yes,Yes,No,Yes,Yes,Yes,Yes,Yes,No,No,No,+4,26,Once a week,Male,278
No,Yes,No,Yes,No,Yes,Yes,No,No,No,No,-4,65,Once a year,Female,279
No,No,Yes,Yes,Yes,No,No,No,Yes,No,Yes,I hate it!-5,64,Never,Male,280
Yes,Yes,No,Yes,Yes,Yes,Yes,Yes,No,Yes,No,I love it!+5,20,Once a week,Male,281
Yes,Yes,No,Yes,Yes,No,No,Yes,Yes,No,No,+2,29,Once a month,Female,282
Yes,Yes,Yes,Yes,Yes,Yes,No,Yes,Yes,No,No,+2,45,Once a month,Female,283
Yes,No,No,Yes,No,Yes,Yes,Yes,No,No,No,0,31,Once a year,Female,284
Yes,Yes,No,Yes,Yes,Yes,Yes,Yes,No,No,No,I love it!+5,41,Once a week,Female,285
No,No,No,Yes,No,Yes,No,No,Yes,No,No,I hate it!-5,61,Never,Female,286
No,No,No,Yes,Yes,Yes,No,No,Yes,No,Yes,I hate it!-5,69,Never,Female,287
No,Yes,No,Yes,Yes,Yes,Yes,No,No,No,Yes,+1,28,Once a month,Male,288
No,Yes,No,No,No,Yes,No,No,No,No,No,+3,68,Once a month,Male,289
No,No,No,Yes,No,Yes,Yes,No,No,No,No,-4,60,Never,Male,290
Yes,Yes,No,Yes,Yes,Yes,No,Yes,No,No,No,0,56,Once a year,Female,291
No,Yes,No,Yes,No,Yes,No,No,Yes,No,No,0,61,Once a year,Female,292
No,Yes,Yes,Yes,Yes,Yes,No,Yes,Yes,No,No,0,61,Once a week,Male,293
No,Yes,No,Yes,No,Yes,Yes,No,No,No,No,-4,63,Once a year,Male,294
No,Yes,No,Yes,No,Yes,Yes,Yes,No,No,No,+3,40,Once a month,Female,295
No,Yes,No,Yes,Yes,Yes,Yes,Yes,No,Yes,No,-1,36,Every three months,Male,296
Yes,Yes,No,Yes,Yes,Yes,Yes,No,No,No,No,+1,30,Once a month,Female,297
Yes,Yes,No,Yes,No,Yes,No,Yes,Yes,No,No,+4,32,Once a month,Female,298
Yes,Yes,No,No,No,Yes,No,Yes,Yes,Yes,No,I love it!+5,37,More than once a week,Male,299
Yes,Yes,No,Yes,No,No,Yes,Yes,No,Yes,No,+3,61,Once a week,Male,300
Yes,Yes,No,Yes,Yes,Yes,No,Yes,Yes,No,No,+3,34,Once a month,Female,301
Yes,Yes,No,Yes,Yes,Yes,No,Yes,Yes,No,No,+1,24,Once a month,Male,302
Yes,Yes,No,Yes,Yes,No,No,Yes,Yes,No,No,+1,39,Once a month,Male,303
No,Yes,No,Yes,No,Yes,No,Yes,Yes,No,No,0,50,Every three months,Male,304
Yes,Yes,No,Yes,No,Yes,No,Yes,Yes,Yes,No,+1,46,Once a month,Male,305
Yes,Yes,No,Yes,No,Yes,No,No,Yes,No,No,+2,43,Once a month,Female,306
Yes,Yes,No,Yes,No,Yes,Yes,Yes,No,No,No,+4,36,Once a month,Male,307
Yes,No,No,No,Yes,No,No,Yes,Yes,No,Yes,I hate it!-5,26,Once a week,Male,308
Yes,Yes,No,Yes,No,Yes,Yes,Yes,No,Yes,No,+2,32,Once a month,Female,309
No,No,No,Yes,Yes,No,No,No,Yes,No,Yes,I hate it!-5,50,Never,Female,310
No,Yes,No,Yes,Yes,Yes,Yes,No,No,No,No,-2,56,Once a year,Female,311
Yes,Yes,No,Yes,No,Yes,Yes,Yes,No,No,No,+3,57,Every three months,Female,312
Yes,Yes,No,Yes,Yes,Yes,Yes,Yes,No,No,No,-1,25,Once a year,Male,313
No,Yes,No,Yes,Yes,Yes,Yes,Yes,No,No,No,-1,47,Once a month,Female,314
Yes,Yes,No,Yes,No,Yes,No,Yes,Yes,No,No,0,32,Once a year,Male,315
Yes,Yes,No,Yes,No,Yes,Yes,Yes,No,Yes,No,+3,32,Once a week,Female,316
No,Yes,No,Yes,Yes,Yes,Yes,Yes,No,Yes,No,0,57,Every three months,Female,317
Yes,Yes,No,Yes,Yes,Yes,Yes,Yes,No,No,No,I love it!+5,42,Once a week,Male,318
No,Yes,No,Yes,No,Yes,Yes,No,No,No,No,+2,31,Once a week,Male,319
No,No,No,Yes,Yes,Yes,No,No,Yes,No,Yes,-3,37,Once a year,Female,320
Yes,Yes,No,No,No,Yes,Yes,Yes,Yes,Yes,No,+3,33,Every three months,Female,321
Yes,Yes,No,Yes,No,Yes,No,Yes,No,No,No,-1,46,Every three months,Female,322
Yes,Yes,No,Yes,No,Yes,No,Yes,Yes,No,No,+2,41,Every three months,Female,323
No,Yes,No,No,No,Yes,Yes,No,No,Yes,No,-1,60,Every three months,Male,324
Yes,Yes,No,Yes,No,Yes,Yes,Yes,No,Yes,No,+2,42,Once a month,Male,325
No,Yes,No,Yes,No,Yes,Yes,Yes,No,No,No,+1,45,Once a month,Female,326
Yes,Yes,No,Yes,Yes,Yes,No,No,No,No,No,0,36,Every three months,Male,327
Yes,Yes,No,Yes,No,No,No,Yes,Yes,Yes,No,+2,44,Once a month,Male,328
Yes,Yes,Yes,No,Yes,No,No,Yes,Yes,No,No,+1,34,Once a month,Male,329
Yes,No,No,Yes,Yes,Yes,Yes,Yes,No,No,No,+2,22,Every three months,Male,330
No,Yes,No,Yes,Yes,Yes,Yes,No,No,No,Yes,-4,64,Every three months,Male,331
Yes,Yes,No,No,No,Yes,Yes,Yes,No,Yes,No,I love it!+5,36,Once a month,Male,332
Yes,Yes,No,Yes,Yes,Yes,Yes,Yes,No,No,No,I love it!+5,23,Once a month,Male,333
No,Yes,No,Yes,No,Yes,Yes,Yes,No,No,No,-4,69,Every three months,Female,334
No,Yes,No,Yes,Yes,Yes,Yes,No,No,No,No,I hate it!-5,64,Never,Female,335
Yes,Yes,No,Yes,No,Yes,Yes,Yes,No,No,No,+4,53,Every three months,Male,336
No,Yes,No,Yes,Yes,No,No,No,No,No,Yes,-4,40,Never,Female,337
No,Yes,No,Yes,No,Yes,Yes,No,No,No,Yes,-4,56,Every three months,Female,338
No,Yes,No,Yes,Yes,No,No,Yes,No,No,No,+2,48,Once a week,Female,339
Yes,No,No,Yes,No,Yes,Yes,Yes,No,Yes,No,I love it!+5,62,Once a month,Female,340
Yes,Yes,No,No,No,Yes,Yes,Yes,No,Yes,No,+2,65,Every three months,Female,341
Yes,Yes,No,No,No,Yes,No,Yes,Yes,No,No,+4,34,Once a month,Male,342
No,Yes,No,Yes,Yes,Yes,No,No,No,No,Yes,I hate it!-5,27,Never,Female,343
Yes,Yes,No,Yes,No,Yes,Yes,Yes,No,No,No,+2,25,Every three months,Male,344
Yes,Yes,No,Yes,Yes,Yes,Yes,Yes,No,No,Yes,-1,55,Once a year,Female,345
Yes,Yes,No,Yes,No,Yes,Yes,Yes,No,No,No,I love it!+5,38,Once a week,Female,346
Yes,Yes,No,Yes,No,Yes,No,Yes,Yes,Yes,No,+1,52,Once a month,Female,347
Yes,Yes,No,Yes,No,No,No,Yes,Yes,No,No,+3,36,Once a month,Male,348
Yes,Yes,No,Yes,Yes,Yes,Yes,Yes,No,No,No,-1,36,Once a month,Male,349
Yes,Yes,No,Yes,No,Yes,No,Yes,Yes,No,No,0,52,Once a month,Female,350
Yes,Yes,No,Yes,Yes,Yes,Yes,Yes,Yes,No,No,I love it!+5,49,Once a week,Female,351
No,Yes,No,Yes,No,Yes,No,Yes,No,No,No,+2,58,Once a month,Female,352
Yes,Yes,Yes,No,No,Yes,Yes,Yes,No,Yes,No,+3,67,Once a month,Female,353
No,Yes,No,Yes,Yes,Yes,Yes,Yes,No,No,Yes,+1,56,Every three months,Female,354
Yes,Yes,No,Yes,Yes,No,No,Yes,Yes,No,No,+2,43,Once a week,Female,355
Yes,Yes,No,Yes,No,Yes,Yes,Yes,No,No,No,+1,43,Once a week,Female,356
Yes,Yes,No,Yes,Yes,Yes,No,Yes,Yes,No,Yes,+1,23,Every three months,Female,357
Yes,Yes,No,Yes,Yes,Yes,Yes,Yes,Yes,No,No,+1,29,Once a week,Male,358
No,Yes,No,Yes,Yes,No,No,No,Yes,No,Yes,-4,32,Once a year,Male,359
No,Yes,No,Yes,Yes,Yes,Yes,No,No,No,No,+1,35,Once a week,Female,360
Yes,Yes,No,No,Yes,Yes,No,Yes,Yes,No,Yes,+2,46,Once a week,Male,361
No,Yes,No,No,No,Yes,Yes,Yes,No,Yes,No,+3,55,Once a month,Female,362
Yes,Yes,No,Yes,No,Yes,Yes,Yes,No,No,No,+4,45,Once a week,Female,363
Yes,Yes,No,Yes,No,No,No,Yes,Yes,No,No,+2,39,Every three months,Male,364
No,Yes,No,No,No,Yes,No,Yes,Yes,Yes,Yes,-3,52,Once a year,Male,365
Yes,Yes,No,Yes,No,Yes,No,Yes,Yes,No,No,+3,53,Once a month,Female,366
Yes,Yes,Yes,Yes,Yes,Yes,No,Yes,No,No,No,+3,44,Once a month,Male,367
No,Yes,No,Yes,Yes,Yes,Yes,Yes,No,No,No,+1,55,Once a year,Female,368
Yes,Yes,No,Yes,No,Yes,Yes,Yes,No,Yes,No,I love it!+5,21,More than once a week,Female,369
No,Yes,No,No,No,Yes,Yes,Yes,No,No,No,+1,48,Once a month,Male,370
Yes,Yes,Yes,Yes,Yes,No,No,Yes,Yes,No,No,+3,57,Once a month,Female,371
Yes,Yes,No,Yes,Yes,Yes,No,Yes,Yes,No,No,+3,26,Once a week,Male,372
Yes,Yes,No,No,No,Yes,Yes,Yes,No,No,No,+2,52,Once a month,Female,373
Yes,Yes,No,Yes,Yes,Yes,No,Yes,Yes,No,No,+4,28,Once a week,Male,374
No,Yes,No,No,No,Yes,No,Yes,No,No,No,+2,58,Once a month,Male,375
Yes,Yes,No,No,No,No,Yes,Yes,No,Yes,No,I love it!+5,34,Once a month,Male,376
Yes,Yes,No,Yes,No,Yes,Yes,No,No,No,No,-4,39,Every three months,Male,377
Yes,Yes,Yes,Yes,Yes,Yes,No,Yes,Yes,No,No,+3,20,Once a month,Male,378
No,Yes,No,Yes,No,Yes,No,No,No,No,Yes,0,61,Once a year,Female,379
Yes,Yes,No,Yes,No,No,No,No,Yes,No,No,+4,35,Once a week,Male,380
No,Yes,No,Yes,Yes,Yes,No,No,Yes,No,Yes,I hate it!-5,27,Never,Male,381
Yes,Yes,No,Yes,Yes,Yes,Yes,Yes,No,No,No,+3,50,Once a month,Female,382
Yes,Yes,No,Yes,Yes,Yes,Yes,Yes,No,No,No,+3,58,Once a month,Female,383
No,Yes,No,Yes,Yes,Yes,Yes,No,No,No,Yes,-1,29,Once a month,Female,384
Yes,Yes,No,Yes,Yes,Yes,No,Yes,Yes,No,No,+3,23,Once a week,Male,385
Yes,Yes,No,No,No,Yes,No,Yes,No,No,No,+2,47,Every three months,Male,386
Yes,Yes,No,Yes,Yes,Yes,Yes,Yes,No,No,No,+2,58,Every three months,Female,387
No,Yes,No,Yes,No,Yes,No,No,Yes,No,No,0,49,Once a month,Female,388
Yes,Yes,No,Yes,No,Yes,No,No,No,No,No,+1,27,Once a month,Female,389
Yes,Yes,No,Yes,Yes,Yes,Yes,Yes,No,No,No,I love it!+5,20,More than once a week,Female,390
Yes,Yes,No,Yes,Yes,No,No,Yes,Yes,No,Yes,0,43,Every three months,Male,391
No,Yes,No,Yes,No,Yes,No,No,Yes,No,Yes,0,62,Every three months,Female,392
No,No,No,Yes,No,Yes,Yes,No,No,No,Yes,I hate it!-5,55,Once a year,Female,393
No,No,No,Yes,Yes,Yes,Yes,Yes,No,No,No,-3,62,Once a year,Female,394
No,Yes,No,Yes,Yes,Yes,Yes,No,No,No,Yes,-3,56,Once a year,Female,395
No,Yes,No,Yes,No,Yes,Yes,No,No,No,No,-4,60,Never,Male,396
Yes,Yes,No,Yes,No,Yes,Yes,Yes,No,No,No,+1,42,Once a month,Female,397
Yes,Yes,No,Yes,Yes,Yes,Yes,Yes,No,No,No,+4,26,Once a week,Female,398
No,Yes,No,Yes,No,Yes,Yes,No,No,No,No,-1,55,Once a year,Female,399
Yes,Yes,No,Yes,No,Yes,No,Yes,No,No,No,+4,42,Once a week,Male,400
No,Yes,No,No,No,Yes,Yes,Yes,No,Yes,No,+3,67,Once a year,Female,401
Yes,Yes,No,Yes,No,Yes,No,Yes,Yes,No,No,+3,43,Once a week,Male,402
No,Yes,No,Yes,Yes,Yes,Yes,No,No,No,No,0,42,Once a month,Female,403
Yes,Yes,No,No,No,Yes,Yes,Yes,No,Yes,No,I love it!+5,50,Once a week,Female,404
No,Yes,No,Yes,Yes,Yes,Yes,No,No,No,Yes,-4,20,Once a year,Female,405
No,No,No,Yes,No,Yes,No,No,Yes,No,Yes,I hate it!-5,50,Never,Male,406
Yes,Yes,Yes,Yes,Yes,Yes,No,Yes,Yes,No,No,+1,60,Once a year,Male,407
Yes,Yes,No,Yes,Yes,Yes,Yes,Yes,No,No,No,-1,21,Never,Male,408
Yes,Yes,No,Yes,No,Yes,No,Yes,Yes,No,No,+4,33,Once a month,Male,409
Yes,Yes,No,Yes,No,Yes,Yes,No,No,No,No,0,68,Every three months,Female,410
Yes,Yes,No,Yes,Yes,Yes,Yes,Yes,No,No,No,+3,26,Once a month,Male,411
Yes,Yes,No,Yes,No,Yes,Yes,Yes,No,No,No,+1,60,Once a month,Female,412
Yes,Yes,No,Yes,Yes,Yes,No,Yes,Yes,No,No,+3,52,Every three months,Female,413
Yes,Yes,Yes,No,No,Yes,Yes,Yes,No,Yes,No,+4,70,Every three months,Female,414
No,No,No,Yes,Yes,Yes,Yes,No,Yes,No,Yes,I hate it!-5,44,Once a year,Female,415
Yes,Yes,No,Yes,Yes,Yes,No,Yes,Yes,No,No,+2,23,Every three months,Female,416
No,Yes,Yes,Yes,No,Yes,No,No,No,No,No,-1,62,Every three months,Female,417
No,Yes,Yes,Yes,No,Yes,Yes,Yes,No,No,No,+2,59,Once a week,Female,418
Yes,Yes,No,No,No,Yes,Yes,Yes,No,Yes,No,I love it!+5,66,Once a week,Female,419
No,Yes,No,Yes,No,Yes,No,No,Yes,Yes,No,+1,44,Once a month,Male,420
Yes,Yes,No,Yes,Yes,Yes,No,Yes,Yes,No,No,+3,25,Once a month,Male,421
Yes,Yes,No,Yes,No,No,No,Yes,Yes,Yes,No,+3,41,Once a month,Male,422
Yes,Yes,No,No,No,Yes,Yes,Yes,No,No,No,+4,41,More than once a week,Male,423
Yes,Yes,No,No,No,Yes,Yes,Yes,No,Yes,No,+3,33,Once a week,Male,424
No,Yes,No,Yes,Yes,Yes,No,No,Yes,No,Yes,+1,45,Once a month,Female,425
Yes,Yes,No,Yes,No,Yes,Yes,Yes,No,Yes,No,I love it!+5,23,More than once a week,Female,426
No,No,No,Yes,Yes,Yes,No,No,Yes,No,Yes,-4,52,Once a year,Female,427
No,Yes,No,Yes,No,Yes,Yes,No,No,No,No,+2,63,Once a month,Female,428
Yes,Yes,Yes,Yes,Yes,Yes,Yes,Yes,Yes,Yes,Yes,+4,48,Once a month,Female,429
No,Yes,No,Yes,Yes,Yes,No,Yes,Yes,No,Yes,I hate it!-5,52,Never,Male,430
No,No,No,Yes,Yes,Yes,Yes,No,Yes,No,Yes,I hate it!-5,50,Never,Male,431
Yes,Yes,No,Yes,Yes,Yes,Yes,Yes,No,Yes,Yes,+2,28,Once a month,Male,432
Yes,Yes,No,Yes,Yes,Yes,No,Yes,Yes,No,Yes,+1,24,Once a month,Male,433
No,Yes,No,Yes,No,No,No,No,Yes,No,No,0,45,Once a week,Female,434
Yes,Yes,No,Yes,Yes,No,No,No,Yes,No,No,+2,26,Every three months,Female,435
Yes,Yes,No,Yes,Yes,Yes,No,Yes,No,No,Yes,+1,19,Every three months,Male,436
No,Yes,No,Yes,No,Yes,No,Yes,Yes,No,No,+2,45,Every three months,Male,437
No,Yes,No,No,No,Yes,No,No,Yes,Yes,No,+1,44,Every three months,Male,438
Yes,Yes,No,Yes,Yes,Yes,No,Yes,No,No,No,+2,47,Once a month,Male,439
No,Yes,No,Yes,No,Yes,Yes,Yes,No,No,No,+3,28,Once a month,Male,440
No,Yes,No,Yes,No,Yes,Yes,No,No,No,No,+2,62,Every three months,Female,441
Yes,Yes,Yes,No,Yes,Yes,Yes,Yes,No,No,No,-1,33,Once a week,Male,442
Yes,Yes,No,No,No,No,Yes,Yes,No,Yes,No,+3,67,Every three months,Female,443
Yes,Yes,No,No,No,Yes,Yes,Yes,No,Yes,No,+1,67,Once a year,Female,444
Yes,Yes,Yes,Yes,Yes,Yes,Yes,Yes,Yes,No,Yes,+2,49,Once a month,Male,445
Yes,Yes,No,Yes,Yes,Yes,Yes,Yes,No,No,No,+4,33,Once a week,Female,446
Yes,Yes,No,No,No,Yes,Yes,Yes,No,Yes,No,I love it!+5,51,More than once a week,Female,447
Yes,Yes,No,No,No,Yes,Yes,Yes,No,Yes,No,+3,52,Once a week,Female,448
Yes,Yes,Yes,Yes,Yes,Yes,Yes,Yes,Yes,Yes,No,I love it!+5,30,More than once a week,Male,449
Yes,Yes,No,Yes,No,Yes,No,Yes,Yes,No,No,+2,60,Once a month,Female,450
No,Yes,No,Yes,No,Yes,No,No,Yes,No,No,-3,47,Every three months,Female,451
No,Yes,No,No,No,Yes,No,Yes,Yes,No,No,+2,44,Once a month,Male,452
Yes,Yes,No,Yes,No,Yes,No,Yes,Yes,No,No,+2,43,Every three months,Female,453
No,Yes,No,Yes,Yes,Yes,Yes,No,No,No,No,-2,46,Once a month,Male,454
No,Yes,No,Yes,No,Yes,No,Yes,No,No,No,+1,40,Once a month,Female,455
No,Yes,No,Yes,Yes,Yes,No,No,No,No,No,0,48,Once a year,Female,456
No,Yes,No,Yes,Yes,Yes,No,No,Yes,No,Yes,0,53,Once a month,Female,457
Yes,Yes,No,Yes,No,Yes,No,Yes,Yes,No,No,+4,35,Every three months,Male,458
No,Yes,No,Yes,No,Yes,Yes,No,No,Yes,No,-4,51,Every three months,Male,459
Yes,Yes,No,Yes,Yes,Yes,Yes,No,Yes,No,No,+2,26,Once a month,Male,460
No,Yes,No,Yes,Yes,Yes,No,No,Yes,No,No,-2,46,Every three months,Female,461
Yes,Yes,No,Yes,Yes,Yes,Yes,Yes,No,No,No,+2,39,Once a month,Female,462
Yes,Yes,No,Yes,No,Yes,Yes,Yes,No,No,No,0,38,Once a year,Male,463
Yes,Yes,No,Yes,No,Yes,Yes,Yes,No,No,No,+4,40,Once a month,Female,464
Yes,Yes,No,Yes,No,Yes,Yes,Yes,No,No,No,I love it!+5,36,Once a month,Female,465
No,Yes,No,Yes,No,Yes,Yes,No,No,No,No,0,56,Never,Female,466
Yes,Yes,No,Yes,Yes,Yes,Yes,Yes,No,No,No,I love it!+5,23,Once a month,Female,467
Yes,Yes,No,Yes,No,Yes,Yes,Yes,No,No,No,I love it!+5,39,Once a month,Female,468
No,Yes,No,Yes,Yes,Yes,Yes,No,No,No,Yes,-2,22,Every three months,Female,469
Yes,Yes,No,No,No,Yes,Yes,Yes,No,No,No,+3,27,Once a month,Male,470
Yes,Yes,No,Yes,Yes,Yes,Yes,Yes,No,No,No,0,23,Every three months,Female,471
Yes,Yes,No,Yes,Yes,Yes,Yes,Yes,No,No,No,+2,21,Every three months,Female,472
Yes,Yes,Yes,Yes,Yes,Yes,Yes,Yes,Yes,Yes,Yes,+3,33,Every three months,Male,473
No,No,No,Yes,Yes,Yes,Yes,No,No,No,Yes,I hate it!-5,24,Never,Female,474
Yes,Yes,No,Yes,Yes,Yes,Yes,Yes,No,Yes,No,I love it!+5,22,More than once a week,Female,475
No,No,No,Yes,Yes,Yes,Yes,No,No,No,Yes,I hate it!-5,54,Every three months,Female,476
No,Yes,Yes,Yes,Yes,No,No,No,Yes,No,Yes,-3,56,Every three months,Female,477
Yes,Yes,No,Yes,Yes,Yes,Yes,Yes,No,No,No,+4,20,Once a month,Male,478
Yes,Yes,Yes,No,No,No,No,Yes,Yes,Yes,No,+4,41,Once a month,Female,479
No,Yes,Yes,No,No,Yes,No,Yes,Yes,No,No,+4,70,Once a month,Male,480
Yes,Yes,No,Yes,Yes,Yes,Yes,Yes,No,Yes,No,+4,54,Once a month,Female,481
Yes,Yes,No,Yes,Yes,Yes,No,Yes,Yes,Yes,No,+3,23,Once a month,Male,482
Yes,Yes,No,No,No,Yes,Yes,Yes,No,Yes,No,+2,61,Once a month,Female,483
No,Yes,No,Yes,No,Yes,No,Yes,Yes,No,No,+1,52,Once a week,Female,484
Yes,Yes,No,Yes,No,Yes,Yes,Yes,No,Yes,No,+3,61,Once a week,Female,485
No,Yes,Yes,Yes,No,Yes,Yes,No,No,No,Yes,-2,66,Every three months,Female,486
Yes,Yes,No,Yes,Yes,Yes,No,Yes,Yes,No,No,+1,40,Once a month,Female,487
Yes,Yes,Yes,Yes,Yes,Yes,Yes,Yes,Yes,Yes,Yes,I love it!+5,26,Never,Male,488
No,Yes,No,No,Yes,Yes,No,No,Yes,Yes,No,+2,32,Once a month,Male,489
Yes,Yes,No,Yes,Yes,Yes,Yes,Yes,No,No,No,-2,60,Every three months,Male,490
Yes,Yes,No,Yes,No,Yes,Yes,Yes,No,No,No,+3,38,Once a month,Male,491
Yes,Yes,No,Yes,Yes,Yes,No,Yes,Yes,No,No,+3,29,Every three months,Male,492
No,No,No,Yes,Yes,Yes,No,No,Yes,No,No,I hate it!-5,69,Never,Male,493
No,Yes,No,Yes,Yes,Yes,Yes,No,No,No,No,+2,64,Once a year,Male,494
No,Yes,No,Yes,Yes,Yes,No,No,No,No,Yes,I hate it!-5,40,Never,Male,495
Yes,Yes,No,Yes,Yes,Yes,No,Yes,Yes,No,No,+1,42,Once a month,Male,496
Yes,Yes,No,Yes,No,Yes,Yes,Yes,No,No,No,I hate it!-5,64,Once a month,Female,497
Yes,Yes,No,Yes,Yes,Yes,No,Yes,Yes,Yes,No,I love it!+5,22,Once a week,Male,498
Yes,Yes,No,Yes,Yes,Yes,Yes,Yes,No,No,No,+2,57,Every three months,Female,499
Yes,Yes,No,Yes,Yes,Yes,No,Yes,Yes,No,No,+2,28,Every three months,Female,500
Yes,Yes,No,Yes,No,Yes,Yes,Yes,No,Yes,No,I love it!+5,41,Once a month,Female,501
Yes,Yes,Yes,Yes,Yes,Yes,No,Yes,Yes,No,No,0,56,More than once a week,Male,502
Yes,Yes,No,No,No,Yes,Yes,Yes,No,Yes,No,+3,50,Once a month,Female,503
No,Yes,No,Yes,Yes,Yes,Yes,No,Yes,No,Yes,I hate it!-5,68,Never,Male,504
No,Yes,No,Yes,No,Yes,No,Yes,Yes,No,Yes,I hate it!-5,62,Once a year,Male,505
Yes,Yes,No,Yes,Yes,Yes,Yes,Yes,No,No,No,+4,58,Every three months,Female,506
Yes,Yes,No,No,No,Yes,Yes,Yes,No,Yes,No,I love it!+5,47,More than once a week,Male,507
Yes,Yes,No,Yes,No,Yes,No,Yes,Yes,Yes,No,+3,35,Once a month,Female,508
Yes,Yes,Yes,Yes,No,Yes,Yes,Yes,No,No,No,+4,58,Once a month,Male,509
Yes,Yes,No,Yes,Yes,Yes,Yes,Yes,No,No,No,I love it!+5,21,Once a week,Female,510
Yes,Yes,No,Yes,No,Yes,Yes,Yes,No,Yes,No,+3,53,Every three months,Female,511
Yes,Yes,No,Yes,No,Yes,Yes,Yes,No,Yes,No,I love it!+5,38,Once a month,Female,512
Yes,Yes,No,Yes,No,Yes,No,Yes,Yes,No,No,I love it!+5,59,Once a month,Male,513
Yes,Yes,No,Yes,Yes,Yes,No,Yes,Yes,No,No,+4,39,Once a week,Female,514
Yes,Yes,No,Yes,Yes,Yes,No,Yes,No,No,No,+2,36,Every three months,Female,515
Yes,Yes,No,Yes,Yes,Yes,Yes,Yes,No,No,No,I love it!+5,26,More than once a week,Female,516
No,Yes,No,Yes,No,Yes,No,Yes,Yes,No,No,-1,53,Once a week,Male,517
Yes,Yes,No,No,No,Yes,Yes,Yes,No,Yes,No,I love it!+5,64,Once a month,Female,518
No,Yes,No,Yes,Yes,Yes,No,Yes,Yes,Yes,Yes,-3,56,Every three months,Female,519
No,Yes,No,Yes,Yes,Yes,No,No,Yes,No,No,I hate it!-5,65,Never,Male,520
No,No,No,No,Yes,No,No,No,No,No,Yes,I hate it!-5,40,Never,Male,521
Yes,Yes,No,No,No,Yes,Yes,Yes,No,Yes,No,I love it!+5,68,Once a month,Male,522
Yes,Yes,No,Yes,No,Yes,Yes,Yes,No,No,No,+4,65,More than once a week,Male,523
Yes,Yes,No,Yes,Yes,Yes,Yes,Yes,No,No,No,+2,52,Once a month,Female,524
No,Yes,No,Yes,No,Yes,Yes,No,No,Yes,No,-4,37,Once a year,Female,525
No,No,No,Yes,Yes,Yes,Yes,No,Yes,No,Yes,I hate it!-5,32,Once a year,Male,526
Yes,Yes,Yes,Yes,No,Yes,Yes,Yes,No,No,No,I love it!+5,51,Once a week,Female,527
Yes,Yes,No,Yes,Yes,Yes,Yes,Yes,No,Yes,No,+3,52,Every three months,Female,528
Yes,Yes,No,No,No,Yes,No,Yes,Yes,Yes,No,+4,57,Every three months,Female,529
Yes,Yes,No,Yes,No,Yes,Yes,Yes,No,Yes,No,I love it!+5,55,Every three months,Female,530
No,Yes,No,Yes,No,Yes,No,Yes,Yes,No,No,0,38,Once a month,Female,531
No,Yes,No,Yes,Yes,Yes,Yes,No,No,No,No,+2,44,Once a week,Female,532
Yes,Yes,No,Yes,No,Yes,No,Yes,Yes,No,No,+3,56,Once a year,Female,533
No,Yes,No,Yes,Yes,No,No,No,No,No,No,+1,67,Once a year,Female,534
Yes,Yes,No,Yes,No,Yes,No,Yes,No,Yes,No,+3,43,Once a month,Female,535
No,Yes,No,Yes,No,Yes,Yes,Yes,No,No,No,+1,39,Every three months,Male,536
Yes,Yes,No,Yes,Yes,Yes,Yes,Yes,No,No,No,+2,27,Once a week,Female,537
Yes,Yes,No,Yes,Yes,Yes,No,Yes,No,No,No,+1,29,Once a year,Female,538
No,Yes,No,No,Yes,Yes,Yes,No,No,No,No,-1,24,Once a year,Male,539
No,Yes,No,Yes,Yes,Yes,No,No,Yes,No,Yes,I hate it!-5,37,Every three months,Male,540
Yes,Yes,No,Yes,Yes,Yes,No,Yes,Yes,No,Yes,+1,22,Once a month,Female,541
No,Yes,No,Yes,No,Yes,No,Yes,Yes,Yes,Yes,-2,55,Never,Female,542
No,Yes,No,Yes,Yes,Yes,Yes,No,No,No,No,-2,50,Once a year,Male,543
Yes,No,No,No,No,Yes,No,Yes,Yes,Yes,No,+1,26,Once a month,Male,544
No,Yes,No,Yes,No,Yes,Yes,Yes,No,No,No,0,55,Every three months,Female,545
Yes,Yes,No,Yes,No,Yes,Yes,Yes,No,No,No,+2,48,Once a month,Female,546
Yes,Yes,No,Yes,No,Yes,No,Yes,Yes,No,No,+4,25,Once a week,Female,547
Yes,Yes,No,Yes,Yes,Yes,Yes,Yes,Yes,No,No,+4,32,More than once a week,Male,548
No,Yes,No,Yes,Yes,Yes,No,No,Yes,No,Yes,+1,28,Every three months,Female,549
No,Yes,No,Yes,No,Yes,Yes,No,No,No,No,-1,52,Once a year,Female,550
Yes,Yes,No,Yes,No,Yes,Yes,No,No,No,No,+1,30,Once a week,Male,551
Yes,Yes,No,Yes,No,Yes,Yes,Yes,No,No,No,-2,52,Once a year,Female,552
Yes,Yes,No,No,No,Yes,Yes,Yes,No,No,No,+4,55,Once a month,Female,553
No,No,No,Yes,Yes,Yes,No,No,Yes,No,Yes,I hate it!-5,35,Once a year,Female,554
Yes,Yes,No,Yes,No,Yes,Yes,Yes,No,No,No,+3,29,Once a week,Male,555
Yes,Yes,No,Yes,Yes,Yes,Yes,Yes,No,No,No,+2,55,Once a year,Male,556
No,Yes,No,Yes,Yes,Yes,Yes,Yes,No,No,Yes,+1,50,Every three months,Female,557
No,Yes,No,Yes,Yes,Yes,Yes,No,No,No,Yes,-2,34,Once a week,Male,558
No,Yes,No,Yes,No,Yes,Yes,Yes,No,No,No,0,59,Never,Female,559
Yes,Yes,Yes,No,No,Yes,No,Yes,Yes,Yes,No,+4,40,Once a week,Male,560
Yes,Yes,No,Yes,No,Yes,Yes,Yes,No,No,No,+3,39,Once a month,Female,561
No,Yes,No,Yes,Yes,No,No,Yes,No,Yes,No,0,46,Every three months,Female,562
Yes,Yes,No,No,No,No,Yes,Yes,No,No,No,I love it!+5,25,Once a week,Male,563
No,Yes,No,Yes,Yes,No,No,No,Yes,No,Yes,-3,48,Every three months,Male,564
Yes,Yes,No,Yes,No,Yes,Yes,Yes,No,No,No,+3,56,Once a week,Female,565
No,Yes,No,Yes,Yes,Yes,Yes,No,No,No,Yes,-3,46,Once a year,Female,566
Yes,Yes,Yes,Yes,No,Yes,Yes,Yes,No,Yes,No,I love it!+5,44,Once a week,Male,567
No,Yes,No,No,No,Yes,Yes,No,No,Yes,Yes,I hate it!-5,55,Once a year,Female,568
Yes,Yes,No,Yes,Yes,Yes,Yes,Yes,No,No,No,+3,63,More than once a week,Male,569
No,Yes,No,Yes,Yes,Yes,No,Yes,Yes,No,No,+1,58,Every three months,Male,570
Yes,Yes,No,Yes,Yes,Yes,Yes,Yes,No,No,No,+4,18,Once a month,Male,571
No,Yes,No,Yes,No,Yes,No,Yes,Yes,No,No,0,60,Every three months,Male,572
No,Yes,No,Yes,No,Yes,Yes,No,No,No,No,I hate it!-5,63,Once a year,Female,573
Yes,Yes,No,Yes,Yes,Yes,Yes,Yes,No,No,No,+3,30,Once a month,Female,574
No,Yes,No,Yes,Yes,No,No,No,Yes,No,No,I hate it!-5,67,Never,Female,575
No,No,No,Yes,Yes,Yes,No,No,Yes,No,No,I hate it!-5,65,Never,Female,576
Yes,Yes,Yes,Yes,Yes,Yes,Yes,Yes,No,Yes,No,+3,61,Once a month,Female,577
No,Yes,No,Yes,No,Yes,No,Yes,No,No,No,+2,52,Once a week,Male,578
Yes,Yes,No,Yes,Yes,Yes,No,Yes,Yes,No,No,-3,23,Once a year,Female,579
No,Yes,No,Yes,Yes,No,No,No,Yes,No,Yes,-4,41,Every three months,Female,580
Yes,Yes,No,Yes,Yes,Yes,Yes,Yes,No,No,Yes,0,57,Every three months,Male,581
No,Yes,No,Yes,No,Yes,Yes,No,No,No,No,0,46,Once a year,Female,582
Yes,Yes,No,Yes,Yes,Yes,No,Yes,Yes,No,No,-2,36,Every three months,Male,583
No,No,No,Yes,Yes,Yes,Yes,No,Yes,Yes,Yes,I hate it!-5,54,Never,Male,584
Yes,Yes,No,Yes,Yes,Yes,Yes,Yes,No,No,No,+2,37,Once a month,Male,585
Yes,Yes,No,Yes,Yes,Yes,Yes,Yes,No,No,No,I love it!+5,33,Once a week,Female,586
Yes,Yes,No,Yes,Yes,No,Yes,Yes,No,No,No,+3,26,Once a week,Male,587
Yes,Yes,No,No,No,No,No,Yes,Yes,Yes,No,+4,27,Once a week,Male,588
No,Yes,No,Yes,No,Yes,Yes,No,No,No,Yes,I hate it!-5,34,Once a year,Male,589
Yes,Yes,No,Yes,No,No,Yes,Yes,No,No,No,+2,49,Once a month,Male,590
Yes,Yes,No,Yes,No,Yes,Yes,Yes,No,Yes,No,+3,34,Once a week,Female,591
No,Yes,No,Yes,Yes,Yes,Yes,No,No,No,Yes,+3,37,Once a month,Female,592
No,Yes,No,Yes,Yes,Yes,No,No,No,Yes,No,-4,62,Once a year,Male,593
No,Yes,No,Yes,No,Yes,Yes,No,No,No,No,+2,54,Once a month,Male,594
No,Yes,Yes,Yes,Yes,Yes,Yes,Yes,Yes,Yes,No,-3,37,Once a year,Female,595
Yes,Yes,Yes,Yes,Yes,Yes,Yes,Yes,No,No,No,+1,57,Every three months,Male,596
No,No,No,Yes,Yes,No,No,No,Yes,No,Yes,-1,48,Every three months,Male,597
No,Yes,No,Yes,Yes,Yes,Yes,No,No,No,Yes,I hate it!-5,59,Never,Female,598
Yes,Yes,No,Yes,No,Yes,Yes,Yes,No,Yes,No,+4,52,Once a month,Female,599
No,Yes,No,Yes,Yes,Yes,Yes,Yes,No,No,No,+1,36,Every three months,Female,600
No,Yes,No,Yes,Yes,Yes,Yes,No,No,No,No,-3,35,Every three months,Male,601
No,Yes,No,Yes,Yes,Yes,No,No,Yes,No,Yes,-4,43,Once a year,Male,602
No,Yes,No,Yes,No,Yes,Yes,No,No,No,Yes,-4,60,Never,Female,603
No,Yes,No,Yes,Yes,Yes,Yes,No,No,No,No,-3,32,Never,Female,604
Yes,Yes,No,Yes,No,Yes,Yes,Yes,No,No,No,+4,62,Once a week,Male,605
Yes,Yes,No,Yes,Yes,Yes,No,Yes,Yes,No,No,+4,45,Once a month,Male,606
Yes,Yes,No,Yes,No,Yes,Yes,Yes,No,No,No,+4,45,Once a month,Male,607
No,No,No,No,No,No,No,No,Yes,No,Yes,I hate it!-5,34,Once a month,Male,608
No,Yes,No,Yes,No,Yes,Yes,No,No,No,Yes,I hate it!-5,55,Once a year,Male,609
No,Yes,Yes,Yes,No,Yes,No,Yes,No,No,Yes,-1,36,Every three months,Male,610
No,Yes,No,No,No,Yes,Yes,No,No,No,No,0,29,Once a year,Male,611
No,Yes,No,Yes,No,Yes,Yes,No,No,No,Yes,I hate it!-5,64,Once a month,Female,612
No,Yes,No,Yes,No,Yes,Yes,No,No,No,No,-3,66,Once a month,Female,613
No,Yes,No,Yes,No,Yes,No,Yes,No,No,No,+3,49,Once a month,Female,614
Yes,Yes,No,Yes,No,Yes,Yes,Yes,No,No,No,+2,25,Every three months,Female,615
No,Yes,No,Yes,No,Yes,Yes,Yes,No,Yes,No,+2,58,Once a month,Female,616
No,Yes,No,Yes,No,Yes,Yes,Yes,No,No,No,+2,56,Once a year,Female,617
Yes,Yes,No,No,No,Yes,Yes,Yes,Yes,No,No,+3,29,Every three months,Female,618
No,Yes,No,Yes,Yes,Yes,Yes,Yes,No,No,No,-1,70,Once a year,Female,619
No,Yes,No,Yes,Yes,Yes,Yes,No,No,No,Yes,-3,37,Every three months,Female,620
Yes,Yes,No,Yes,No,Yes,No,Yes,Yes,No,No,+2,38,Once a week,Male,621
Yes,Yes,No,Yes,No,Yes,Yes,Yes,No,Yes,No,0,59,Once a year,Female,622
No,Yes,No,Yes,Yes,Yes,Yes,No,No,No,No,-3,20,Every three months,Female,623
Yes,Yes,No,No,No,Yes,Yes,Yes,No,Yes,No,I love it!+5,69,Once a month,Female,624
No,Yes,No,Yes,Yes,Yes,No,Yes,Yes,No,No,+1,66,Once a month,Female,625
No,Yes,No,Yes,No,Yes,Yes,Yes,No,No,No,+2,53,Once a month,Female,626
No,No,No,Yes,Yes,Yes,Yes,No,No,No,Yes,I hate it!-5,60,Never,Female,627
Yes,Yes,No,Yes,No,Yes,Yes,Yes,No,No,No,+3,38,Once a week,Female,628
No,Yes,No,Yes,Yes,No,No,No,Yes,No,Yes,0,34,Every three months,Female,629
Yes,Yes,Yes,Yes,No,Yes,No,Yes,No,No,No,+2,45,Every three months,Female,630
Yes,Yes,No,Yes,No,Yes,Yes,Yes,No,No,No,+3,30,Every three months,Male,631
No,No,No,Yes,Yes,Yes,No,No,Yes,No,Yes,I hate it!-5,38,Never,Male,632
Yes,Yes,No,No,No,Yes,No,No,No,No,No,+1,55,Once a month,Male,633
Yes,Yes,No,Yes,No,Yes,No,Yes,No,No,No,+2,35,Once a month,Female,634
No,Yes,No,No,No,Yes,Yes,Yes,No,No,No,-3,49,Once a year,Female,635
No,Yes,No,Yes,Yes,Yes,Yes,No,No,No,No,0,60,Once a year,Female,636
No,No,No,Yes,Yes,No,Yes,No,No,Yes,No,-2,48,Every three months,Female,637
Yes,Yes,No,Yes,No,Yes,Yes,Yes,No,No,No,+2,43,Once a month,Female,638
Yes,Yes,No,Yes,Yes,Yes,No,Yes,Yes,No,No,-4,39,Once a year,Male,639
Yes,Yes,No,Yes,No,Yes,Yes,Yes,No,No,No,0,23,Once a week,Male,640
Yes,Yes,No,Yes,Yes,Yes,Yes,Yes,No,No,No,+4,51,Once a month,Female,641
No,Yes,No,Yes,Yes,Yes,Yes,No,No,No,Yes,I hate it!-5,21,Never,Female,642
Yes,Yes,No,Yes,No,Yes,Yes,Yes,No,No,No,0,70,Once a year,Female,643
No,Yes,No,Yes,No,Yes,No,No,Yes,No,Yes,I hate it!-5,56,Once a year,Male,644
No,No,No,Yes,No,No,No,No,Yes,No,Yes,-1,33,Once a year,Female,645
Yes,Yes,No,Yes,No,Yes,Yes,Yes,No,No,No,+3,58,Every three months,Male,646
Yes,Yes,No,Yes,Yes,No,No,Yes,Yes,No,No,+3,23,Once a month,Female,647
Yes,Yes,Yes,Yes,No,Yes,Yes,Yes,No,No,No,0,63,Every three months,Female,648
Yes,Yes,No,Yes,No,Yes,No,Yes,Yes,No,No,+2,33,Once a month,Female,649
No,Yes,No,No,No,No,No,Yes,Yes,Yes,No,+1,51,Once a year,Female,650
Yes,Yes,No,Yes,No,Yes,No,Yes,Yes,No,No,I love it!+5,27,Once a month,Male,651
Yes,Yes,No,No,No,Yes,Yes,Yes,No,Yes,No,+2,51,Once a month,Male,652
No,No,No,No,No,No,No,No,No,No,No,-3,69,Never,Male,653
Yes,Yes,No,No,No,Yes,Yes,Yes,No,No,No,+2,59,Every three months,Female,654
Yes,Yes,No,Yes,No,Yes,Yes,Yes,No,No,No,+3,40,Once a month,Male,655
Yes,Yes,No,Yes,Yes,Yes,Yes,Yes,No,No,No,I love it!+5,20,Once a month,Female,656
No,Yes,No,Yes,Yes,Yes,Yes,No,No,No,Yes,I hate it!-5,28,Never,Male,657
Yes,Yes,No,Yes,Yes,No,No,Yes,Yes,No,No,+1,31,Once a month,Male,658
Yes,Yes,No,Yes,Yes,Yes,No,Yes,Yes,No,No,+2,32,Every three months,Female,659
Yes,Yes,No,Yes,No,Yes,No,Yes,No,No,No,+3,34,Once a week,Female,660
No,Yes,No,Yes,Yes,Yes,Yes,No,Yes,No,Yes,-3,62,Once a week,Male,661
Yes,Yes,No,Yes,Yes,Yes,Yes,Yes,No,Yes,No,0,33,Every three months,Female,662
No,Yes,No,Yes,No,Yes,No,Yes,Yes,No,Yes,-1,51,Once a month,Female,663
Yes,Yes,No,Yes,Yes,Yes,Yes,Yes,No,No,No,+4,36,Every three months,Male,664
Yes,Yes,No,Yes,No,Yes,No,Yes,No,No,No,+4,22,Once a month,Female,665
No,No,No,No,No,No,No,No,Yes,No,Yes,I hate it!-5,51,Never,Female,666
No,Yes,No,Yes,Yes,Yes,No,Yes,Yes,No,Yes,I hate it!-5,42,Never,Male,667
Yes,Yes,No,No,Yes,Yes,Yes,Yes,No,Yes,No,+2,24,Once a month,Male,668
Yes,Yes,No,Yes,Yes,Yes,No,Yes,Yes,No,No,+3,18,Once a month,Male,669
No,Yes,No,Yes,Yes,Yes,Yes,No,No,No,Yes,I hate it!-5,26,Once a year,Female,670
No,Yes,Yes,Yes,Yes,Yes,Yes,No,No,Yes,No,0,57,Never,Male,671
Yes,Yes,No,Yes,No,Yes,Yes,Yes,No,Yes,No,+1,59,Once a week,Male,672
Yes,Yes,No,Yes,Yes,Yes,No,Yes,Yes,No,No,0,38,Every three months,Female,673
Yes,Yes,No,Yes,Yes,Yes,Yes,Yes,No,No,No,I love it!+5,26,More than once a week,Female,674
Yes,Yes,No,Yes,No,Yes,Yes,Yes,No,Yes,No,+2,31,Once a month,Male,675
Yes,Yes,No,Yes,Yes,Yes,Yes,No,No,No,No,+2,27,Once a year,Female,676
No,Yes,Yes,Yes,Yes,Yes,No,Yes,Yes,No,No,-3,55,Never,Male,677
Yes,Yes,No,No,No,Yes,Yes,Yes,No,Yes,No,+4,47,More than once a week,Male,678
No,No,No,Yes,Yes,No,No,No,Yes,No,Yes,-4,52,Never,Male,679
Yes,Yes,No,Yes,No,Yes,Yes,Yes,No,Yes,No,I love it!+5,58,Once a week,Male,680
Yes,Yes,No,Yes,Yes,Yes,Yes,Yes,No,No,No,+2,30,Every three months,Female,681
Yes,Yes,No,Yes,Yes,Yes,No,Yes,Yes,No,No,-1,38,Every three months,Female,682
Yes,Yes,No,Yes,No,Yes,Yes,Yes,No,No,No,+4,49,Once a week,Female,683
Yes,Yes,No,Yes,No,Yes,No,No,No,No,No,+3,37,Once a month,Male,684
Yes,Yes,No,Yes,Yes,Yes,No,No,Yes,No,No,+3,39,Once a month,Male,685
Yes,Yes,No,Yes,No,Yes,Yes,Yes,No,No,No,+4,60,Once a week,Male,686
Yes,Yes,No,Yes,No,No,Yes,Yes,No,No,No,+3,50,Once a week,Male,687
Yes,Yes,No,Yes,No,Yes,Yes,Yes,No,No,No,+4,25,Once a week,Male,688
No,Yes,No,Yes,Yes,Yes,Yes,No,No,No,Yes,-4,64,Never,Male,689
No,No,No,Yes,No,No,No,No,Yes,No,Yes,-3,62,Once a year,Male,690
No,Yes,No,Yes,Yes,Yes,Yes,No,No,No,Yes,-2,37,Once a year,Male,691
Yes,Yes,No,No,No,Yes,No,No,Yes,Yes,No,+2,68,Every three months,Male,692
Yes,Yes,No,Yes,Yes,Yes,Yes,Yes,No,No,No,+2,24,Once a month,Female,693
Yes,Yes,Yes,No,Yes,Yes,Yes,Yes,No,Yes,No,+1,26,Once a week,Male,694
No,Yes,No,Yes,Yes,Yes,No,No,Yes,No,No,+2,49,Once a month,Female,695
No,Yes,No,No,No,No,No,No,Yes,No,No,-2,43,Once a week,Male,696
Yes,Yes,No,Yes,Yes,Yes,Yes,Yes,No,No,Yes,+4,53,Once a month,Female,697
Yes,Yes,No,Yes,Yes,Yes,Yes,Yes,No,No,No,+2,41,Once a month,Male,698
No,Yes,No,Yes,Yes,Yes,Yes,No,No,No,Yes,I hate it!-5,35,Every three months,Female,699
No,No,No,Yes,Yes,No,No,No,Yes,No,Yes,I hate it!-5,60,Never,Male,700
Yes,Yes,No,Yes,Yes,Yes,Yes,Yes,No,No,No,+2,35,Once a week,Male,701
No,Yes,No,Yes,Yes,Yes,No,No,Yes,No,Yes,0,54,Every three months,Male,702
Yes,Yes,No,Yes,Yes,Yes,Yes,Yes,Yes,No,No,+4,23,Once a week,Female,703
No,Yes,No,No,Yes,Yes,Yes,No,No,Yes,No,0,41,Once a year,Female,704
No,Yes,No,Yes,Yes,No,No,No,Yes,No,Yes,I hate it!-5,57,Once a year,Female,705
No,No,No,Yes,No,Yes,Yes,No,No,No,Yes,I hate it!-5,64,Never,Female,706
Yes,Yes,No,Yes,Yes,Yes,Yes,Yes,No,No,No,+2,59,Once a month,Female,707
Yes,Yes,No,Yes,No,Yes,Yes,Yes,No,No,No,+4,38,Once a month,Female,708
No,Yes,No,Yes,No,Yes,Yes,Yes,No,No,No,+1,66,Every three months,Male,709
Yes,Yes,No,Yes,No,Yes,Yes,Yes,No,No,No,+4,49,Once a week,Female,710
Yes,Yes,Yes,Yes,Yes,Yes,No,Yes,Yes,No,No,0,48,Every three months,Female,711
No,Yes,No,Yes,Yes,No,No,No,Yes,No,No,I hate it!-5,63,Once a year,Female,712
Yes,Yes,No,Yes,No,Yes,Yes,Yes,No,No,No,+1,64,Every three months,Female,713
No,Yes,No,Yes,Yes,Yes,Yes,No,No,No,No,-1,56,Every three months,Female,714
Yes,Yes,No,Yes,No,Yes,Yes,Yes,No,No,No,+3,24,More than once a week,Female,715
No,No,No,Yes,No,Yes,Yes,No,No,No,Yes,0,57,Once a year,Female,716
No,No,No,Yes,Yes,Yes,Yes,No,No,Yes,Yes,-4,59,Once a year,Male,717
Yes,Yes,No,Yes,No,Yes,Yes,Yes,No,Yes,No,+4,39,Once a month,Female,718
Yes,Yes,No,Yes,No,Yes,Yes,Yes,No,Yes,No,I love it!+5,37,Once a week,Female,719
Yes,Yes,Yes,No,No,Yes,Yes,Yes,No,Yes,No,0,65,Once a year,Male,720
No,Yes,No,Yes,No,Yes,No,No,No,No,Yes,I hate it!-5,55,Every three months,Male,721
Yes,Yes,No,Yes,Yes,Yes,Yes,Yes,No,No,No,-2,34,Once a year,Female,722
No,Yes,No,Yes,No,Yes,Yes,No,No,No,No,+1,31,Once a week,Female,723
Yes,Yes,No,Yes,Yes,Yes,Yes,Yes,No,Yes,No,0,23,Once a month,Female,724
No,Yes,No,Yes,Yes,Yes,Yes,No,No,No,No,0,42,Once a month,Female,725
Yes,Yes,No,Yes,Yes,Yes,No,Yes,Yes,No,No,+1,31,Once a year,Male,726
No,Yes,No,Yes,No,Yes,Yes,Yes,No,No,No,+1,32,Once a month,Female,727
No,Yes,No,Yes,No,Yes,No,No,Yes,No,No,0,49,Every three months,Female,728
No,Yes,No,No,Yes,Yes,Yes,No,No,No,Yes,0,59,Once a month,Male,729
Yes,Yes,No,Yes,Yes,Yes,No,No,No,No,No,I love it!+5,21,More than once a week,Female,730
Yes,Yes,No,Yes,No,Yes,No,Yes,Yes,No,No,+3,25,Once a month,Female,731
No,Yes,No,Yes,Yes,Yes,Yes,No,No,No,No,+2,24,Once a month,Male,732
No,Yes,No,Yes,No,Yes,Yes,Yes,No,No,No,I hate it!-5,58,Never,Male,733
No,Yes,No,Yes,No,Yes,No,No,Yes,No,No,0,54,Every three months,Male,734
No,No,No,Yes,Yes,Yes,No,No,Yes,No,Yes,I hate it!-5,62,Never,Male,735
No,Yes,No,Yes,Yes,Yes,No,No,Yes,No,No,+3,31,Once a month,Male,736
Yes,Yes,No,Yes,Yes,Yes,Yes,Yes,Yes,Yes,Yes,+1,21,Once a month,Female,737
No,Yes,No,Yes,No,Yes,Yes,No,No,No,No,+2,48,Once a month,Male,738
Yes,Yes,Yes,Yes,Yes,Yes,Yes,Yes,No,No,Yes,0,30,Every three months,Female,739
Yes,Yes,No,Yes,Yes,Yes,Yes,Yes,No,No,Yes,+2,36,Once a week,Female,740
Yes,Yes,No,Yes,Yes,Yes,Yes,Yes,No,No,No,+2,21,Every three months,Female,741
No,Yes,No,Yes,Yes,Yes,Yes,No,No,No,No,+2,63,Every three months,Female,742
Yes,Yes,No,Yes,Yes,No,Yes,No,No,Yes,No,+1,33,Once a week,Male,743
Yes,Yes,No,Yes,Yes,Yes,Yes,Yes,No,No,No,I love it!+5,18,Once a week,Female,744
Yes,Yes,No,Yes,Yes,Yes,Yes,Yes,No,No,No,+2,20,Once a month,Male,745
No,Yes,No,Yes,Yes,Yes,Yes,Yes,No,No,No,0,56,Once a month,Female,746
Yes,Yes,No,Yes,Yes,Yes,Yes,Yes,No,Yes,No,+3,38,Every three months,Female,747
No,Yes,No,Yes,No,Yes,Yes,No,No,No,No,+1,43,Every three months,Male,748
No,Yes,No,Yes,Yes,Yes,No,Yes,Yes,No,Yes,0,18,Every three months,Male,749
No,Yes,No,Yes,Yes,Yes,Yes,No,Yes,No,No,+3,19,Once a week,Male,750
No,Yes,Yes,Yes,No,Yes,No,No,Yes,No,Yes,-2,43,Every three months,Male,751
No,No,No,Yes,Yes,Yes,No,No,Yes,No,Yes,I hate it!-5,50,Never,Male,752
Yes,Yes,No,Yes,Yes,Yes,No,No,Yes,No,No,-3,54,Once a month,Female,753
Yes,Yes,No,Yes,Yes,Yes,Yes,Yes,No,No,No,+2,23,Once a week,Male,754
No,Yes,No,Yes,Yes,Yes,Yes,Yes,Yes,No,Yes,0,40,Every three months,Male,755
Yes,Yes,Yes,Yes,No,Yes,No,Yes,Yes,Yes,No,+2,52,Every three months,Female,756
No,Yes,No,Yes,No,Yes,Yes,No,No,No,No,0,35,Every three months,Male,757
No,Yes,No,Yes,No,Yes,No,No,Yes,No,No,+1,41,Once a month,Male,758
No,No,No,Yes,Yes,Yes,No,No,Yes,No,Yes,-4,60,Once a year,Male,759
Yes,Yes,No,Yes,No,Yes,Yes,Yes,No,Yes,No,+3,66,Every three months,Female,760
No,Yes,Yes,Yes,Yes,Yes,Yes,Yes,No,Yes,No,-1,45,Every three months,Male,761
No,Yes,No,Yes,Yes,No,No,No,Yes,No,Yes,I hate it!-5,39,Once a month,Male,762
No,Yes,Yes,Yes,Yes,Yes,Yes,Yes,Yes,No,No,+1,49,Once a year,Female,763
Yes,Yes,No,Yes,Yes,Yes,Yes,Yes,No,No,No,+1,58,Once a month,Female,764
Yes,Yes,No,No,No,Yes,Yes,Yes,No,Yes,No,+3,32,Every three months,Female,765
Yes,Yes,No,Yes,No,No,No,Yes,Yes,Yes,No,+3,34,Once a month,Female,766
No,Yes,No,Yes,Yes,Yes,Yes,No,No,No,Yes,-2,50,Once a month,Female,767
No,Yes,No,Yes,No,Yes,No,No,No,No,Yes,I hate it!-5,58,Never,Female,768
No,Yes,No,Yes,Yes,Yes,Yes,Yes,No,No,Yes,-3,34,Once a year,Female,769
Yes,Yes,No,Yes,No,Yes,Yes,Yes,No,No,No,+3,53,Every three months,Female,770
Yes,Yes,No,Yes,No,Yes,No,Yes,Yes,No,No,+3,46,Once a month,Male,771
Yes,Yes,No,Yes,Yes,No,No,No,Yes,No,No,0,54,Once a year,Female,772
Yes,Yes,No,Yes,No,Yes,Yes,Yes,No,No,No,+4,29,Once a month,Male,773
Yes,Yes,No,Yes,No,Yes,Yes,Yes,No,No,No,+4,38,Once a month,Female,774
Yes,Yes,No,Yes,Yes,Yes,Yes,No,Yes,Yes,No,+2,52,Every three months,Female,775
Yes,Yes,No,Yes,Yes,Yes,No,Yes,Yes,No,No,+1,32,Once a month,Female,776
No,Yes,Yes,Yes,Yes,Yes,Yes,Yes,No,No,No,+2,65,Once a month,Female,777
Yes,Yes,No,Yes,No,Yes,No,No,No,No,No,0,44,Every three months,Male,778
No,Yes,No,Yes,No,Yes,Yes,No,No,Yes,No,-1,42,Once a month,Male,779
Yes,Yes,No,Yes,No,Yes,No,Yes,Yes,No,No,+4,37,Once a month,Female,780
Yes,Yes,No,Yes,No,No,No,Yes,Yes,No,No,0,24,More than once a week,Male,781
No,Yes,Yes,Yes,Yes,Yes,No,Yes,No,No,Yes,0,69,Never,Female,782
No,Yes,Yes,Yes,Yes,Yes,Yes,Yes,No,No,Yes,0,39,Once a month,Male,783
Yes,No,No,No,No,Yes,No,Yes,No,Yes,No,+4,55,Once a month,Male,784
Yes,Yes,No,Yes,Yes,Yes,No,Yes,Yes,No,No,+2,47,Every three months,Female,785
Yes,Yes,No,Yes,No,Yes,No,Yes,Yes,Yes,No,I love it!+5,46,Once a month,Female,786
Yes,Yes,No,Yes,No,Yes,No,Yes,Yes,No,No,0,63,Every three months,Female,787
No,No,No,Yes,Yes,Yes,Yes,No,No,No,Yes,-4,64,Never,Female,788
Yes,Yes,No,Yes,Yes,Yes,No,No,Yes,No,Yes,+3,34,Every three months,Female,789
No,Yes,No,Yes,Yes,Yes,No,No,Yes,No,Yes,-2,30,Once a week,Male,790
Yes,Yes,No,Yes,Yes,Yes,Yes,Yes,No,No,No,+2,37,Once a year,Female,791
Yes,Yes,No,Yes,No,Yes,No,Yes,Yes,Yes,No,+4,48,Once a month,Male,792
Yes,Yes,No,Yes,Yes,Yes,Yes,Yes,No,Yes,No,+3,32,Once a month,Female,793
No,Yes,No,Yes,Yes,Yes,No,Yes,No,No,No,-1,24,Once a year,Female,794
Yes,Yes,Yes,No,No,Yes,Yes,Yes,No,Yes,No,+4,65,Every three months,Male,795
No,Yes,No,Yes,Yes,Yes,Yes,No,No,No,No,-3,64,Every three months,Male,796
No,Yes,No,No,No,Yes,No,No,No,No,No,0,64,Every three months,Male,797
Yes,Yes,No,Yes,No,Yes,Yes,Yes,No,Yes,No,+2,50,Once a month,Male,798
Yes,Yes,No,Yes,No,Yes,No,Yes,Yes,No,No,+2,55,Once a month,Male,799
No,Yes,Yes,Yes,Yes,Yes,Yes,No,No,No,No,-2,70,Once a year,Male,800
No,No,No,Yes,Yes,No,Yes,No,No,No,Yes,-2,35,Never,Female,801
No,No,No,No,No,No,No,No,No,No,No,I hate it!-5,24,Never,Male,802
No,Yes,No,Yes,Yes,Yes,No,No,Yes,No,Yes,I hate it!-5,18,Once a year,Male,803
Yes,Yes,No,Yes,Yes,Yes,Yes,Yes,No,No,No,+4,30,Once a month,Female,804
No,Yes,No,Yes,Yes,Yes,No,No,No,No,Yes,-3,59,Once a year,Male,805
Yes,Yes,No,Yes,No,Yes,No,Yes,Yes,No,No,+3,64,Once a month,Male,806
No,Yes,Yes,Yes,Yes,Yes,Yes,Yes,No,No,No,-3,62,Once a year,Male,807
No,Yes,No,Yes,No,No,No,No,Yes,No,No,-3,63,Once a year,Female,808
Yes,Yes,No,Yes,Yes,No,No,Yes,No,No,No,+3,36,Once a week,Male,809
No,Yes,No,Yes,Yes,No,No,No,Yes,No,No,0,32,Every three months,Male,810
Yes,No,No,No,Yes,Yes,No,Yes,Yes,No,No,I love it!+5,61,Once a week,Female,811
Yes,Yes,No,Yes,No,Yes,No,Yes,Yes,No,No,+4,42,Once a week,Female,812
Yes,Yes,No,Yes,No,Yes,Yes,Yes,No,No,No,I love it!+5,43,Once a month,Female,813
No,Yes,No,Yes,No,No,No,No,No,No,No,0,44,Once a year,Female,814
No,No,No,Yes,Yes,Yes,No,Yes,Yes,No,No,+2,19,Once a week,Male,815
No,Yes,No,Yes,Yes,Yes,No,Yes,Yes,No,No,+1,53,Every three months,Female,816
Yes,Yes,No,Yes,No,Yes,Yes,Yes,No,No,No,+2,32,Every three months,Male,817
No,Yes,No,Yes,Yes,Yes,No,No,Yes,No,No,0,52,Once a month,Female,818
No,Yes,No,Yes,No,Yes,Yes,No,No,No,Yes,-3,60,Never,Male,819
No,Yes,No,Yes,Yes,Yes,No,No,Yes,No,No,-1,53,Every three months,Female,820
No,Yes,No,Yes,Yes,Yes,Yes,No,No,No,Yes,I hate it!-5,33,Once a year,Female,821
Yes,No,Yes,No,No,No,No,No,Yes,Yes,No,I love it!+5,40,Once a month,Female,822
Yes,Yes,No,Yes,No,Yes,No,Yes,Yes,No,No,-2,63,Once a year,Male,823
Yes,Yes,Yes,No,No,Yes,Yes,Yes,No,Yes,No,+3,47,Once a week,Male,824
Yes,Yes,No,Yes,No,Yes,No,Yes,No,No,No,+3,25,Once a month,Female,825
No,Yes,No,Yes,No,Yes,Yes,No,No,No,No,-3,38,Every three months,Male,826
Yes,Yes,No,Yes,Yes,Yes,Yes,Yes,No,No,No,I love it!+5,28,Once a week,Female,827
No,Yes,No,Yes,Yes,Yes,No,No,Yes,Yes,No,0,57,Once a year,Male,828
Yes,Yes,No,Yes,No,Yes,Yes,Yes,No,Yes,No,+4,56,Once a week,Female,829
Yes,Yes,No,Yes,Yes,Yes,No,Yes,Yes,No,No,+3,35,Every three months,Male,830
No,No,No,Yes,Yes,Yes,No,No,Yes,No,Yes,-3,62,Once a year,Male,831
Yes,Yes,No,Yes,No,Yes,No,Yes,Yes,No,No,+1,37,Every three months,Female,832
No,Yes,No,Yes,Yes,Yes,Yes,No,No,Yes,No,+1,63,Once a week,Male,833
No,Yes,Yes,No,No,Yes,No,No,Yes,Yes,No,+1,57,Once a year,Male,834
No,Yes,No,Yes,Yes,Yes,Yes,No,No,No,No,-1,53,Once a year,Female,835
No,Yes,No,Yes,Yes,Yes,Yes,No,No,No,Yes,+2,49,Once a week,Female,836
No,Yes,Yes,Yes,Yes,Yes,Yes,Yes,No,No,No,+1,56,Never,Male,837
No,Yes,Yes,Yes,No,Yes,Yes,Yes,No,No,No,+1,50,Once a month,Male,838
Yes,Yes,No,Yes,No,Yes,Yes,Yes,No,No,No,+4,59,Once a year,Female,839
Yes,Yes,No,Yes,No,Yes,Yes,Yes,No,Yes,No,I love it!+5,32,Once a month,Female,840
Yes,Yes,No,Yes,No,Yes,No,Yes,No,No,No,+4,44,Once a month,Female,841
No,Yes,No,Yes,Yes,Yes,No,No,Yes,No,No,+1,34,Once a month,Female,842
No,Yes,No,Yes,No,Yes,Yes,No,No,No,Yes,0,51,Once a year,Female,843
Yes,Yes,No,Yes,Yes,Yes,Yes,Yes,No,No,No,+1,33,Once a month,Male,844
Yes,Yes,No,Yes,Yes,Yes,Yes,Yes,No,Yes,No,+2,36,Once a month,Female,845
Yes,Yes,No,Yes,Yes,Yes,No,Yes,Yes,Yes,No,+3,24,More than once a week,Female,846
Yes,Yes,No,Yes,No,Yes,Yes,Yes,No,No,No,+3,42,Once a month,Female,847
No,Yes,No,Yes,Yes,Yes,No,No,Yes,No,Yes,I hate it!-5,45,Never,Male,848
No,Yes,No,Yes,Yes,Yes,No,No,Yes,No,Yes,0,48,Every three months,Female,849
Yes,Yes,No,Yes,No,Yes,Yes,Yes,No,No,No,I love it!+5,34,More than once a week,Female,850
Yes,Yes,No,Yes,No,Yes,Yes,Yes,No,No,No,I love it!+5,28,Once a week,Female,851
No,No,No,No,No,No,No,No,No,No,No,0,55,Once a year,Female,852
Yes,Yes,No,Yes,Yes,Yes,Yes,Yes,No,Yes,No,+2,29,Every three months,Female,853
Yes,Yes,No,No,No,Yes,Yes,Yes,No,Yes,No,I love it!+5,40,Once a month,Female,854
Yes,Yes,No,Yes,Yes,Yes,No,Yes,Yes,No,No,0,44,Every three months,Male,855
No,Yes,Yes,Yes,Yes,Yes,No,No,Yes,No,Yes,I hate it!-5,49,Once a year,Male,856
Yes,Yes,No,Yes,No,Yes,Yes,Yes,No,No,No,+3,29,Once a month,Male,857
Yes,Yes,No,Yes,Yes,Yes,Yes,Yes,No,No,No,+4,40,Once a week,Male,858
No,No,No,Yes,No,Yes,Yes,No,Yes,No,No,+3,30,More than once a week,Male,859
Yes,Yes,No,Yes,No,Yes,Yes,Yes,No,No,No,+2,34,Once a month,Male,860
Yes,Yes,Yes,Yes,Yes,Yes,Yes,Yes,No,No,No,+1,60,Every three months,Male,861
No,Yes,No,Yes,No,Yes,Yes,Yes,No,No,No,+2,66,Once a month,Male,862
Yes,Yes,No,No,No,Yes,No,Yes,Yes,Yes,No,+3,51,Every three months,Male,863
No,No,No,Yes,Yes,Yes,Yes,No,No,No,Yes,I hate it!-5,44,Once a year,Male,864
Yes,Yes,No,No,No,Yes,Yes,Yes,No,Yes,No,+3,64,Once a year,Male,865
Yes,Yes,No,No,No,Yes,Yes,No,Yes,Yes,No,+3,37,Every three months,Female,866
No,No,No,Yes,Yes,No,No,No,Yes,No,Yes,I hate it!-5,51,Never,Male,867
Yes,Yes,No,Yes,No,Yes,Yes,Yes,No,No,No,+4,30,Once a week,Male,868
No,Yes,Yes,Yes,Yes,Yes,Yes,No,No,Yes,Yes,-4,53,Once a year,Male,869
No,No,No,Yes,Yes,No,Yes,Yes,No,No,No,+1,48,Once a month,Male,870
No,Yes,No,Yes,Yes,Yes,No,No,Yes,No,No,-2,67,Once a year,Female,871
No,Yes,No,Yes,Yes,Yes,No,No,Yes,No,Yes,I hate it!-5,39,Never,Male,872
Yes,Yes,No,Yes,No,Yes,Yes,Yes,No,Yes,No,+3,67,Every three months,Female,873
No,Yes,No,Yes,Yes,Yes,No,No,No,No,Yes,-3,61,Never,Male,874
No,Yes,No,Yes,No,No,No,Yes,Yes,No,No,+2,57,Every three months,Male,875
No,Yes,No,Yes,No,No,Yes,No,No,No,Yes,I hate it!-5,64,Once a year,Male,876
No,Yes,No,Yes,Yes,Yes,Yes,Yes,No,No,Yes,-4,64,Once a year,Female,877
Yes,Yes,No,Yes,Yes,Yes,Yes,Yes,Yes,Yes,No,+4,34,Once a week,Female,878
Yes,Yes,Yes,Yes,Yes,Yes,Yes,Yes,Yes,Yes,No,+4,45,Once a week,Male,879
Yes,Yes,No,Yes,No,Yes,Yes,Yes,No,No,No,+3,34,Once a month,Male,880
No,Yes,No,Yes,Yes,Yes,Yes,No,No,No,Yes,I hate it!-5,67,Once a year,Male,881
No,No,No,Yes,No,Yes,No,No,No,No,Yes,I hate it!-5,38,Never,Female,882
Yes,Yes,No,Yes,Yes,Yes,Yes,Yes,Yes,No,No,+2,22,Once a week,Male,883
Yes,Yes,Yes,No,No,Yes,Yes,Yes,No,No,No,I love it!+5,57,Once a week,Female,884
Yes,Yes,No,No,No,Yes,Yes,Yes,No,No,No,+2,65,Every three months,Female,885
No,Yes,No,Yes,Yes,Yes,No,No,No,No,No,-2,63,Once a year,Male,886
No,Yes,No,Yes,Yes,Yes,No,No,Yes,No,Yes,0,49,Once a year,Male,887
No,Yes,No,Yes,Yes,Yes,Yes,No,No,No,Yes,-2,36,Once a year,Male,888
No,No,Yes,Yes,Yes,No,No,No,No,Yes,Yes,-1,60,Never,Female,889
No,Yes,No,Yes,Yes,Yes,No,No,Yes,No,Yes,-3,62,Once a year,Female,890
Yes,Yes,No,Yes,No,Yes,Yes,Yes,Yes,No,No,I love it!+5,55,Once a week,Male,891
Yes,Yes,No,Yes,No,Yes,No,Yes,No,No,No,+3,41,Once a month,Female,892
No,Yes,No,Yes,Yes,Yes,No,No,Yes,No,Yes,-2,46,More than once a week,Male,893
Yes,Yes,No,Yes,No,Yes,Yes,Yes,No,No,No,+3,51,Once a month,Female,894
Yes,Yes,No,No,No,Yes,No,Yes,No,Yes,No,I love it!+5,61,Every three months,Female,895
Yes,Yes,No,Yes,No,Yes,No,Yes,Yes,Yes,No,+3,38,Once a week,Female,896
No,Yes,No,Yes,Yes,Yes,No,No,Yes,No,Yes,-4,59,Never,Female,897
Yes,Yes,No,No,No,Yes,No,Yes,No,Yes,No,+4,36,Once a month,Male,898
No,Yes,No,Yes,Yes,Yes,Yes,No,No,No,No,0,62,Never,Female,899
No,Yes,Yes,Yes,Yes,Yes,No,Yes,Yes,No,No,0,58,Once a month,Male,900
Yes,Yes,No,Yes,Yes,Yes,Yes,Yes,No,No,No,+4,23,Once a week,Female,901
No,Yes,No,Yes,No,Yes,No,No,Yes,No,Yes,I hate it!-5,50,Every three months,Female,902
Yes,Yes,No,Yes,No,Yes,No,Yes,Yes,No,No,+4,25,Once a month,Female,903
No,Yes,No,Yes,No,Yes,Yes,Yes,No,No,No,+1,55,Once a month,Male,904
No,Yes,No,Yes,Yes,Yes,Yes,No,Yes,No,Yes,I hate it!-5,48,Once a year,Male,905
No,No,No,Yes,No,Yes,No,No,No,No,Yes,I hate it!-5,62,Never,Female,906
Yes,Yes,No,Yes,No,Yes,Yes,Yes,No,No,No,+2,61,Every three months,Female,907
Yes,Yes,No,Yes,Yes,Yes,No,Yes,Yes,No,No,+4,32,More than once a week,Female,908
No,Yes,No,No,No,Yes,Yes,No,No,Yes,No,0,49,Every three months,Male,909
Yes,Yes,Yes,Yes,Yes,Yes,Yes,Yes,Yes,Yes,Yes,+3,20,Once a month,Male,910
No,Yes,No,Yes,Yes,Yes,No,No,Yes,No,Yes,+1,43,Every three months,Female,911
No,No,No,No,No,Yes,Yes,No,No,No,No,I hate it!-5,63,Never,Female,912
Yes,Yes,No,No,No,Yes,Yes,Yes,No,Yes,No,+4,60,Once a month,Female,913
No,Yes,No,Yes,No,Yes,Yes,No,No,No,No,+1,68,Once a year,Female,914
Yes,Yes,No,Yes,No,Yes,Yes,Yes,No,No,No,+3,64,Once a month,Male,915
No,Yes,No,Yes,Yes,Yes,Yes,No,No,No,Yes,I hate it!-5,57,Once a year,Male,916
Yes,Yes,No,No,No,Yes,Yes,Yes,No,No,No,+4,71,Once a month,Male,917
Yes,Yes,No,Yes,Yes,Yes,Yes,Yes,No,No,Yes,+3,30,Every three months,Female,918
Yes,Yes,No,No,No,Yes,Yes,Yes,No,Yes,No,I love it!+5,61,More than once a week,Male,919
Yes,No,No,No,No,Yes,Yes,Yes,No,No,No,+1,55,Once a month,Female,920
Yes,Yes,No,No,No,Yes,No,No,Yes,No,No,-3,53,Once a month,Male,921
Yes,Yes,No,Yes,No,Yes,No,Yes,Yes,No,No,+4,45,Every three months,Male,922
Yes,Yes,No,Yes,No,Yes,Yes,Yes,No,No,No,+3,41,Once a month,Male,923
Yes,Yes,No,Yes,Yes,Yes,No,Yes,Yes,Yes,No,+3,30,Every three months,Male,924
No,Yes,No,Yes,No,Yes,Yes,No,No,No,No,+2,42,Once a week,Female,925
Yes,Yes,No,No,No,Yes,Yes,Yes,No,No,No,+3,22,Once a week,Female,926
Yes,Yes,No,Yes,No,Yes,Yes,Yes,No,No,No,+3,46,Every three months,Female,927
Yes,Yes,No,Yes,No,Yes,No,Yes,No,No,No,I love it!+5,43,Once a month,Male,928
Yes,Yes,No,No,No,Yes,Yes,Yes,No,Yes,No,I love it!+5,33,Once a month,Female,929
Yes,Yes,No,Yes,Yes,Yes,Yes,Yes,No,No,No,-2,19,Never,Female,930
Yes,Yes,No,Yes,Yes,Yes,No,Yes,Yes,No,No,+4,24,Once a month,Male,931
No,Yes,No,Yes,Yes,Yes,Yes,No,Yes,No,Yes,-4,58,Once a year,Male,932
No,Yes,No,Yes,No,Yes,No,No,Yes,No,No,0,59,Every three months,Male,933
Yes,Yes,No,Yes,No,Yes,Yes,Yes,No,No,No,+3,31,Once a month,Female,934
No,Yes,No,Yes,Yes,Yes,No,No,Yes,No,No,+2,37,Once a month,Female,935
No,Yes,Yes,Yes,Yes,Yes,Yes,Yes,No,No,No,+2,56,Once a month,Male,936
No,Yes,No,Yes,Yes,Yes,Yes,Yes,No,No,No,-2,52,Every three months,Male,937
No,No,No,Yes,Yes,Yes,Yes,No,No,No,Yes,I hate it!-5,36,Never,Male,938
Yes,Yes,No,Yes,Yes,Yes,Yes,Yes,No,Yes,No,+4,25,Once a month,Female,939
Yes,Yes,No,Yes,Yes,Yes,No,Yes,No,No,Yes,0,20,Once a year,Male,940
Yes,No,No,Yes,Yes,Yes,No,Yes,Yes,No,No,+4,21,Once a month,Female,941
Yes,Yes,No,Yes,Yes,Yes,No,No,Yes,No,No,-2,59,Once a week,Female,942
No,Yes,No,Yes,No,Yes,Yes,No,No,No,No,-4,51,Once a year,Female,943
No,Yes,No,Yes,No,Yes,Yes,Yes,No,No,No,+2,50,Once a month,Female,944
No,Yes,No,Yes,No,Yes,Yes,No,No,No,No,0,63,Every three months,Male,945
Yes,Yes,No,Yes,No,Yes,Yes,Yes,No,No,No,+1,25,Every three months,Female,946
No,Yes,No,Yes,No,Yes,Yes,Yes,No,No,No,+1,51,Once a month,Male,947
No,Yes,No,Yes,Yes,Yes,Yes,Yes,No,No,No,-1,36,Once a year,Female,948
Yes,Yes,No,Yes,Yes,Yes,No,Yes,Yes,No,No,+3,31,Once a month,Female,949
No,Yes,No,Yes,No,Yes,Yes,No,No,No,No,+1,26,Once a month,Male,950
No,No,No,No,No,No,No,No,No,No,Yes,I hate it!-5,30,Once a year,Male,951
Yes,Yes,No,Yes,No,Yes,Yes,Yes,No,No,No,+2,37,Once a month,Female,952
Yes,Yes,No,Yes,Yes,Yes,No,No,No,No,Yes,-1,30,Every three months,Male,953
Yes,Yes,No,Yes,Yes,Yes,Yes,Yes,No,Yes,No,+4,30,Once a month,Female,954
No,Yes,Yes,No,No,Yes,No,Yes,Yes,No,No,+4,55,Every three months,Female,955
No,Yes,No,Yes,Yes,Yes,Yes,No,No,No,No,+1,19,Once a month,Female,956
Yes,Yes,No,No,No,Yes,Yes,Yes,No,Yes,No,I love it!+5,23,More than once a week,Female,957
No,Yes,No,Yes,Yes,Yes,Yes,No,No,No,Yes,-4,26,Every three months,Female,958
No,Yes,No,Yes,No,Yes,Yes,No,No,No,No,-1,59,Once a year,Female,959
Yes,Yes,No,No,No,Yes,No,Yes,Yes,Yes,No,+4,23,Once a week,Male,960
Yes,Yes,No,Yes,Yes,Yes,No,Yes,No,No,No,+4,30,Once a month,Male,961
Yes,Yes,No,Yes,Yes,Yes,Yes,Yes,No,No,No,+3,18,Every three months,Female,962
No,Yes,No,No,Yes,Yes,Yes,Yes,No,No,Yes,0,51,Once a year,Male,963
No,No,No,Yes,Yes,Yes,No,No,Yes,No,Yes,+2,35,Once a year,Male,964
Yes,Yes,No,Yes,Yes,Yes,No,Yes,Yes,No,Yes,+3,43,Once a week,Female,965
No,Yes,No,Yes,Yes,Yes,No,Yes,No,No,No,0,56,Once a year,Female,966
No,Yes,No,Yes,No,Yes,No,No,Yes,No,No,+2,53,Once a week,Male,967
No,Yes,No,Yes,Yes,Yes,Yes,No,No,No,No,-3,47,Every three months,Female,968
Yes,Yes,No,Yes,Yes,Yes,No,Yes,No,No,No,+2,65,Every three months,Male,969
No,Yes,No,Yes,No,Yes,No,No,No,No,No,0,51,Never,Male,970
Yes,Yes,No,Yes,No,Yes,No,Yes,Yes,No,No,+2,33,Once a month,Female,971
Yes,Yes,No,Yes,Yes,Yes,No,Yes,Yes,No,No,0,61,Never,Male,972
Yes,Yes,No,Yes,No,Yes,Yes,Yes,No,No,No,0,33,Once a month,Female,973
Yes,Yes,No,Yes,Yes,Yes,Yes,Yes,No,Yes,No,0,25,Once a month,Male,974
No,Yes,No,Yes,Yes,Yes,Yes,Yes,Yes,No,Yes,I hate it!-5,36,Never,Male,975
Yes,Yes,No,Yes,No,Yes,Yes,Yes,No,Yes,No,I love it!+5,47,Once a month,Male,976
Yes,Yes,Yes,Yes,No,Yes,Yes,Yes,No,Yes,No,+2,59,Once a month,Female,977
Yes,Yes,No,Yes,Yes,Yes,No,No,Yes,No,Yes,-4,37,Once a year,Female,978
Yes,Yes,Yes,Yes,Yes,Yes,Yes,Yes,No,No,No,0,22,Once a month,Male,979
No,Yes,No,Yes,Yes,Yes,Yes,No,No,No,Yes,-3,48,Every three months,Male,980
Yes,Yes,No,Yes,No,Yes,Yes,Yes,No,No,Yes,+2,70,Once a year,Male,981
No,No,No,Yes,Yes,Yes,Yes,No,Yes,No,Yes,I hate it!-5,51,Never,Male,982
No,Yes,No,Yes,No,Yes,Yes,No,No,No,No,+3,23,Once a month,Female,983
Yes,Yes,Yes,Yes,Yes,Yes,Yes,Yes,Yes,Yes,No,I love it!+5,28,Every three months,Female,984
Yes,Yes,No,Yes,Yes,Yes,No,Yes,Yes,No,Yes,+4,39,Once a week,Male,985
No,Yes,No,No,No,Yes,No,Yes,No,Yes,No,+4,62,Every three months,Female,986
Yes,Yes,No,Yes,No,Yes,No,Yes,Yes,No,No,I love it!+5,25,Once a week,Female,987
Yes,Yes,No,Yes,Yes,Yes,No,No,Yes,No,No,+2,27,Every three months,Female,988
No,Yes,No,No,No,Yes,No,No,No,No,No,-2,59,Every three months,Female,989
No,Yes,Yes,Yes,Yes,Yes,Yes,No,No,No,No,-3,65,Every three months,Male,990
No,No,No,No,No,No,No,Yes,Yes,No,No,-4,54,Every three months,Female,991
Yes,Yes,No,Yes,No,Yes,Yes,Yes,No,Yes,No,+3,64,Every three months,Male,992
Yes,Yes,No,No,No,Yes,No,Yes,No,No,No,+2,49,Once a month,Female,993
Yes,Yes,No,Yes,Yes,Yes,Yes,Yes,Yes,No,No,I love it!+5,22,More than once a week,Female,994
Yes,Yes,No,Yes,Yes,Yes,Yes,Yes,No,No,No,+3,35,Once a month,Male,995
Yes,Yes,No,Yes,Yes,Yes,No,Yes,Yes,No,No,+4,41,More than once a week,Female,996
Yes,Yes,No,Yes,No,Yes,Yes,Yes,Yes,Yes,Yes,+1,32,Every three months,Male,997
Yes,Yes,No,Yes,Yes,Yes,No,Yes,No,No,No,I love it!+5,24,Once a week,Female,998
Yes,Yes,No,No,No,Yes,Yes,Yes,No,Yes,No,I love it!+5,52,Once a week,Female,999
No,No,No,Yes,Yes,Yes,No,No,Yes,No,Yes,I hate it!-5,44,Once a year,Male,1000
Yes,Yes,No,Yes,No,Yes,Yes,Yes,No,No,No,+4,38,Once a month,Female,1001
Yes,Yes,No,Yes,Yes,Yes,Yes,Yes,No,No,No,+3,43,Once a week,Female,1002
Yes,Yes,No,Yes,Yes,Yes,Yes,Yes,No,No,No,+1,32,Once a year,Female,1003
No,Yes,No,Yes,No,Yes,No,No,Yes,No,No,-1,38,Every three months,Male,1004
No,Yes,No,Yes,Yes,Yes,Yes,No,No,No,No,0,63,Never,Female,1005
Yes,Yes,No,Yes,No,Yes,No,Yes,No,Yes,No,+3,46,Every three months,Female,1006
Yes,Yes,No,Yes,No,Yes,No,Yes,No,No,Yes,+3,29,Every three months,Female,1007
No,No,No,Yes,Yes,No,No,No,Yes,No,Yes,I hate it!-5,61,Never,Female,1008
Yes,Yes,No,Yes,Yes,No,No,No,Yes,No,No,+2,47,Every three months,Male,1009
Yes,Yes,No,Yes,Yes,Yes,No,Yes,Yes,No,No,+3,31,Once a month,Male,1010
No,Yes,No,No,No,Yes,Yes,Yes,No,Yes,No,+3,35,Once a week,Male,1011
Yes,Yes,No,Yes,No,Yes,Yes,Yes,No,No,No,+3,64,Every three months,Male,1012
Yes,Yes,No,Yes,Yes,Yes,Yes,Yes,No,No,No,+2,26,Once a month,Female,1013
No,Yes,Yes,Yes,Yes,Yes,Yes,No,No,No,No,-1,55,Once a year,Female,1014
Yes,Yes,No,Yes,Yes,Yes,Yes,Yes,No,No,No,+3,46,More than once a week,Female,1015
Yes,Yes,No,No,No,Yes,Yes,Yes,No,No,No,I love it!+5,52,Once a month,Male,1016
No,Yes,No,Yes,Yes,Yes,No,No,Yes,No,Yes,I hate it!-5,50,Never,Female,1017
Yes,Yes,No,Yes,Yes,Yes,Yes,Yes,No,No,No,+3,33,Once a month,Male,1018
Yes,Yes,No,Yes,No,Yes,Yes,Yes,No,No,No,I love it!+5,30,Once a month,Female,1019
No,Yes,No,Yes,No,Yes,No,No,No,No,No,+3,46,Once a week,Female,1020
No,Yes,No,Yes,No,Yes,Yes,No,No,No,Yes,0,60,Once a year,Female,1021
Yes,Yes,No,Yes,No,No,Yes,Yes,No,No,No,+3,27,More than once a week,Male,1022
Yes,Yes,No,Yes,No,Yes,Yes,Yes,No,No,No,+2,51,Every three months,Female,1023
Yes,Yes,No,No,No,Yes,Yes,Yes,No,Yes,No,+4,41,Once a month,Female,1024
Yes,Yes,No,Yes,No,Yes,Yes,Yes,No,No,No,+2,67,Once a month,Female,1025
No,No,No,Yes,Yes,No,No,No,Yes,No,Yes,I hate it!-5,63,Never,Female,1026
Yes,Yes,No,Yes,No,Yes,No,Yes,No,Yes,No,+3,65,Every three months,Female,1027
No,Yes,No,Yes,Yes,No,No,No,Yes,No,Yes,0,59,Once a month,Male,1028
Yes,Yes,No,Yes,Yes,Yes,No,Yes,Yes,No,No,0,34,Once a year,Female,1029
No,Yes,No,Yes,Yes,Yes,Yes,Yes,No,No,No,0,34,Once a year,Female,1030
Yes,Yes,No,Yes,Yes,Yes,Yes,Yes,No,No,No,+4,53,Once a week,Female,1031
Yes,Yes,No,Yes,No,Yes,Yes,Yes,No,Yes,No,+2,31,Once a week,Female,1032
Yes,Yes,No,No,No,Yes,Yes,Yes,No,Yes,No,I love it!+5,58,Once a month,Female,1033
Yes,Yes,No,No,No,Yes,Yes,Yes,No,No,No,+2,39,Once a week,Male,1034
Yes,Yes,Yes,Yes,No,Yes,Yes,Yes,No,No,No,+4,66,Once a month,Male,1035
Yes,Yes,No,Yes,No,Yes,Yes,Yes,No,No,No,0,55,Once a month,Male,1036
Yes,Yes,No,Yes,No,Yes,No,Yes,Yes,No,No,I love it!+5,28,Once a month,Female,1037
Yes,Yes,No,Yes,Yes,No,No,Yes,Yes,No,Yes,I hate it!-5,34,Once a month,Female,1038
Yes,Yes,No,Yes,No,Yes,No,Yes,Yes,No,No,+4,24,Once a month,Male,1039
Yes,Yes,Yes,No,No,Yes,Yes,No,No,Yes,No,0,59,Every three months,Female,1040
Yes,Yes,No,No,No,Yes,Yes,Yes,No,Yes,No,+3,67,Every three months,Female,1041
No,Yes,No,Yes,Yes,Yes,Yes,No,No,No,Yes,+1,52,Once a month,Female,1042
No,Yes,No,Yes,No,Yes,No,Yes,Yes,No,No,+2,41,Once a week,Male,1043
Yes,Yes,No,Yes,No,Yes,Yes,Yes,No,Yes,No,I love it!+5,37,Once a month,Female,1044
Yes,Yes,No,Yes,Yes,Yes,Yes,Yes,No,No,No,I love it!+5,18,Once a week,Male,1045
Yes,Yes,No,No,No,Yes,Yes,Yes,No,Yes,No,+4,63,Once a week,Male,1046
Yes,Yes,Yes,Yes,Yes,Yes,Yes,Yes,No,No,No,+4,24,Once a week,Male,1047
Yes,Yes,No,No,No,Yes,Yes,Yes,No,No,No,I love it!+5,57,More than once a week,Male,1048
Yes,Yes,No,Yes,No,Yes,Yes,Yes,No,No,No,0,40,Once a month,Male,1049
Yes,Yes,No,Yes,Yes,Yes,No,Yes,Yes,No,No,+2,20,Once a month,Male,1050
Yes,Yes,No,Yes,Yes,Yes,No,Yes,No,No,No,+1,55,Every three months,Male,1051
Yes,Yes,No,Yes,Yes,Yes,No,Yes,Yes,Yes,No,+2,18,Once a year,Female,1052
Yes,Yes,No,Yes,No,No,No,No,Yes,No,No,+1,42,Once a month,Male,1053
No,Yes,No,Yes,No,Yes,Yes,No,Yes,No,Yes,-4,47,Once a year,Female,1054
No,Yes,No,Yes,No,Yes,No,No,Yes,No,No,+3,40,Every three months,Male,1055
Yes,Yes,No,Yes,No,Yes,Yes,Yes,No,Yes,No,+3,35,Once a month,Female,1056
Yes,Yes,No,Yes,Yes,Yes,Yes,No,No,No,No,+1,64,Once a month,Male,1057
No,Yes,No,Yes,Yes,No,Yes,Yes,No,No,Yes,-2,50,Every three months,Female,1058
Yes,Yes,No,No,No,Yes,Yes,Yes,No,Yes,No,I love it!+5,55,Once a week,Female,1059
No,No,No,Yes,Yes,Yes,Yes,No,No,No,Yes,-4,64,Never,Female,1060
No,Yes,No,Yes,Yes,Yes,No,No,Yes,No,Yes,-4,49,Once a year,Female,1061
Yes,Yes,No,No,No,No,No,Yes,Yes,No,No,0,49,Every three months,Male,1062
No,Yes,No,Yes,No,Yes,Yes,No,No,No,No,+3,49,Once a week,Female,1063
No,Yes,No,Yes,Yes,Yes,No,No,Yes,No,Yes,-4,50,Every three months,Male,1064
Yes,Yes,No,Yes,No,Yes,No,Yes,Yes,Yes,No,0,65,Once a year,Male,1065
No,Yes,Yes,Yes,Yes,Yes,No,No,Yes,No,Yes,I hate it!-5,49,Once a week,Male,1066
Yes,Yes,No,Yes,Yes,Yes,Yes,Yes,No,No,No,+4,36,Once a month,Male,1067
Yes,Yes,No,Yes,Yes,Yes,No,Yes,Yes,Yes,No,+4,31,More than once a week,Female,1068
Yes,Yes,No,Yes,Yes,Yes,Yes,Yes,No,No,No,I love it!+5,25,Once a week,Female,1069
Yes,Yes,No,Yes,No,Yes,Yes,Yes,No,No,No,+3,51,Once a month,Male,1070
No,Yes,No,Yes,No,No,No,No,Yes,No,No,+1,41,Once a week,Male,1071
No,Yes,No,Yes,Yes,Yes,Yes,No,No,No,No,-1,58,Once a year,Female,1072
No,Yes,Yes,Yes,No,Yes,Yes,Yes,No,No,No,0,69,Once a month,Male,1073
Yes,Yes,No,Yes,No,Yes,Yes,Yes,No,No,No,+3,22,Once a week,Female,1074
Yes,Yes,No,Yes,No,Yes,No,Yes,Yes,No,No,I love it!+5,39,Once a month,Male,1075
No,Yes,No,Yes,Yes,No,Yes,No,No,No,No,-2,58,Once a month,Female,1076
No,Yes,No,No,Yes,No,No,No,Yes,No,No,-1,47,Once a month,Male,1077
No,Yes,No,Yes,No,Yes,No,Yes,Yes,No,No,+1,62,Once a week,Male,1078
Yes,Yes,No,Yes,No,Yes,Yes,Yes,No,No,No,+3,49,Once a month,Male,1079
No,Yes,Yes,Yes,No,Yes,Yes,Yes,No,No,No,-3,65,Once a year,Female,1080
Yes,Yes,No,Yes,No,Yes,Yes,Yes,No,Yes,No,I love it!+5,39,Once a week,Female,1081
No,Yes,No,Yes,Yes,No,Yes,No,No,No,Yes,-3,33,Once a year,Female,1082
Yes,Yes,No,Yes,No,No,No,Yes,Yes,No,No,+4,33,Once a week,Male,1083
No,Yes,No,Yes,No,Yes,No,Yes,Yes,No,No,+1,64,Once a month,Male,1084
No,Yes,No,Yes,Yes,Yes,Yes,Yes,No,No,No,-2,18,Once a year,Male,1085
Yes,Yes,No,Yes,No,Yes,Yes,Yes,No,Yes,No,+1,67,Once a month,Male,1086
No,Yes,No,Yes,No,Yes,No,No,Yes,No,Yes,I hate it!-5,62,Once a year,Female,1087
No,Yes,No,Yes,Yes,Yes,Yes,Yes,No,No,No,-4,56,Never,Female,1088
No,Yes,No,Yes,Yes,No,Yes,Yes,No,Yes,No,I hate it!-5,36,Once a month,Female,1089
No,Yes,No,Yes,No,No,No,Yes,No,Yes,No,+1,68,Once a year,Male,1090
Yes,Yes,No,No,No,Yes,No,Yes,No,Yes,No,+3,42,Once a month,Female,1091
Yes,Yes,No,Yes,No,No,No,Yes,Yes,No,No,+2,39,Once a week,Male,1092
Yes,Yes,No,Yes,Yes,Yes,Yes,Yes,No,No,No,+3,24,Once a month,Female,1093
Yes,Yes,No,Yes,Yes,Yes,No,Yes,Yes,No,No,+4,38,Once a week,Female,1094
Yes,Yes,No,No,No,Yes,No,Yes,Yes,No,No,I love it!+5,52,Once a week,Male,1095
Yes,Yes,No,No,No,Yes,Yes,Yes,No,Yes,No,+2,43,Once a week,Female,1096
No,Yes,No,Yes,No,Yes,Yes,No,No,No,No,0,57,Every three months,Male,1097
No,Yes,Yes,Yes,Yes,Yes,Yes,No,No,No,No,-4,59,Once a year,Female,1098
No,No,No,Yes,No,No,No,Yes,No,No,Yes,I hate it!-5,57,Never,Female,1099
Yes,Yes,No,Yes,No,Yes,Yes,Yes,No,No,No,0,43,Every three months,Male,1100
Yes,Yes,No,Yes,Yes,Yes,Yes,Yes,No,Yes,No,I love it!+5,25,Once a week,Female,1101
Yes,Yes,No,Yes,No,Yes,Yes,Yes,No,Yes,No,+2,61,Every three months,Female,1102
Yes,Yes,No,Yes,Yes,Yes,No,Yes,Yes,No,No,I love it!+5,25,Once a month,Female,1103
No,No,No,Yes,Yes,Yes,No,No,Yes,No,Yes,I hate it!-5,70,Once a year,Female,1104
No,Yes,No,Yes,Yes,Yes,Yes,No,No,No,No,+2,54,Every three months,Male,1105
Yes,Yes,Yes,Yes,No,Yes,Yes,Yes,No,No,No,I love it!+5,60,Every three months,Male,1106
No,Yes,No,Yes,Yes,Yes,No,No,No,No,No,-4,59,Once a year,Male,1107
No,No,No,Yes,Yes,No,No,No,Yes,No,Yes,I hate it!-5,66,Never,Male,1108
Yes,Yes,No,Yes,No,No,Yes,No,No,Yes,No,+4,51,Once a week,Male,1109
Yes,Yes,No,Yes,No,Yes,No,Yes,Yes,No,No,+1,57,Once a month,Female,1110
No,Yes,No,Yes,Yes,Yes,Yes,No,No,No,No,+2,61,Every three months,Female,1111
Yes,Yes,No,Yes,Yes,No,No,Yes,Yes,Yes,No,+3,31,Once a month,Female,1112
Yes,Yes,No,Yes,Yes,Yes,No,Yes,Yes,No,No,+2,27,Once a week,Male,1113
Yes,Yes,No,Yes,Yes,Yes,Yes,Yes,No,No,No,+3,36,Once a week,Male,1114
No,Yes,No,Yes,Yes,Yes,No,No,Yes,No,Yes,I hate it!-5,45,Never,Female,1115
No,Yes,No,Yes,Yes,Yes,Yes,No,No,No,Yes,-3,53,Every three months,Female,1116
No,Yes,No,No,No,Yes,Yes,Yes,No,Yes,No,+3,42,Once a year,Female,1117
No,Yes,No,Yes,Yes,Yes,Yes,Yes,No,No,No,0,50,Once a year,Female,1118
No,Yes,No,Yes,No,Yes,Yes,No,No,No,Yes,+2,51,Once a month,Female,1119
No,No,No,Yes,Yes,Yes,No,No,Yes,No,Yes,-4,36,Never,Male,1120
Yes,Yes,No,Yes,No,Yes,No,Yes,No,No,No,-1,55,More than once a week,Female,1121
No,Yes,No,Yes,Yes,Yes,No,Yes,No,No,No,0,67,Every three months,Male,1122
Yes,Yes,No,No,No,Yes,Yes,Yes,No,No,No,0,56,Once a month,Male,1123
No,Yes,No,Yes,Yes,Yes,Yes,No,No,No,No,0,70,Once a year,Female,1124
No,No,Yes,Yes,Yes,Yes,Yes,Yes,No,No,Yes,I hate it!-5,58,Once a year,Female,1125
No,No,No,Yes,Yes,Yes,No,No,Yes,No,Yes,I hate it!-5,44,Never,Male,1126
No,Yes,No,Yes,No,Yes,Yes,No,Yes,No,No,I hate it!-5,52,Once a year,Female,1127
Yes,Yes,No,Yes,Yes,Yes,Yes,No,No,No,No,-3,61,Once a year,Female,1128
Yes,Yes,No,Yes,No,Yes,Yes,Yes,No,No,No,+3,33,Once a month,Female,1129
Yes,Yes,No,Yes,Yes,Yes,Yes,Yes,No,No,No,+4,30,Once a month,Female,1130
No,No,No,Yes,Yes,No,No,No,Yes,No,Yes,I hate it!-5,37,Every three months,Male,1131
Yes,Yes,No,Yes,Yes,Yes,No,Yes,Yes,No,No,+3,26,Every three months,Male,1132
No,Yes,Yes,Yes,No,Yes,No,No,Yes,No,No,0,65,Once a year,Female,1133
Yes,Yes,No,Yes,No,Yes,Yes,Yes,No,No,No,I love it!+5,38,Once a month,Female,1134
Yes,Yes,No,Yes,No,Yes,Yes,Yes,No,No,No,+1,29,Once a week,Female,1135
No,Yes,Yes,Yes,No,Yes,No,No,Yes,No,Yes,I hate it!-5,62,Never,Female,1136
No,Yes,No,Yes,No,Yes,Yes,Yes,No,No,No,+4,21,Once a week,Male,1137
No,Yes,No,Yes,No,Yes,Yes,No,No,No,No,-3,35,Once a year,Female,1138
Yes,No,No,Yes,Yes,Yes,Yes,Yes,Yes,No,Yes,I love it!+5,27,Every three months,Male,1139
No,No,No,Yes,Yes,Yes,No,No,Yes,No,Yes,I hate it!-5,19,Never,Male,1140
Yes,Yes,No,Yes,Yes,Yes,No,Yes,No,No,No,I love it!+5,29,Every three months,Male,1141
Yes,Yes,No,Yes,No,Yes,No,No,Yes,No,No,+3,29,Once a week,Male,1142
Yes,Yes,No,Yes,Yes,Yes,Yes,Yes,No,No,No,+4,29,Once a week,Male,1143
Yes,Yes,No,Yes,No,Yes,Yes,Yes,No,No,No,+3,31,Once a week,Female,1144
Yes,Yes,No,Yes,Yes,Yes,Yes,Yes,No,No,No,+1,55,Once a month,Female,1145
Yes,Yes,No,Yes,Yes,Yes,Yes,Yes,No,No,No,+2,36,Every three months,Male,1146
No,Yes,No,Yes,Yes,Yes,Yes,Yes,No,No,Yes,+1,48,Once a year,Female,1147
Yes,Yes,No,Yes,Yes,Yes,Yes,Yes,No,No,No,+2,23,Every three months,Female,1148
Yes,Yes,No,Yes,Yes,Yes,Yes,Yes,No,No,No,I love it!+5,35,Once a month,Male,1149
No,Yes,No,Yes,No,Yes,Yes,No,No,No,Yes,0,29,Never,Male,1150
No,Yes,No,Yes,Yes,Yes,Yes,Yes,No,No,Yes,0,52,Every three months,Female,1151
Yes,Yes,No,Yes,Yes,Yes,Yes,Yes,No,No,No,+4,32,Once a week,Male,1152
No,Yes,No,Yes,No,Yes,Yes,No,No,No,No,+3,39,Once a week,Female,1153
Yes,Yes,No,Yes,No,Yes,Yes,Yes,No,No,No,+3,55,Once a month,Female,1154
Yes,Yes,No,Yes,No,Yes,Yes,Yes,No,No,No,+1,41,Once a week,Male,1155
No,Yes,No,Yes,Yes,Yes,Yes,No,No,No,Yes,I hate it!-5,55,Never,Female,1156
Yes,Yes,No,Yes,No,Yes,Yes,Yes,No,No,No,I love it!+5,29,Once a month,Female,1157
Yes,Yes,No,No,No,Yes,Yes,Yes,No,Yes,No,+3,35,Once a week,Male,1158
Yes,Yes,No,No,No,Yes,Yes,Yes,Yes,Yes,No,I love it!+5,44,Once a week,Male,1159
No,Yes,No,Yes,No,Yes,Yes,Yes,No,Yes,No,+1,60,Every three months,Female,1160
Yes,Yes,No,Yes,No,Yes,No,Yes,Yes,No,No,I love it!+5,40,Once a month,Female,1161
No,Yes,Yes,Yes,Yes,Yes,No,No,No,No,No,I hate it!-5,45,Once a year,Female,1162
No,Yes,No,Yes,Yes,Yes,Yes,No,No,No,No,-2,37,Once a year,Female,1163
Yes,Yes,No,No,No,Yes,Yes,Yes,Yes,Yes,No,I love it!+5,30,Once a week,Male,1164
Yes,Yes,No,Yes,No,Yes,No,Yes,No,No,No,+1,53,Once a month,Male,1165
No,Yes,No,Yes,Yes,Yes,No,No,Yes,No,Yes,I hate it!-5,33,Once a month,Male,1166
No,Yes,No,Yes,No,Yes,No,No,No,No,No,-1,37,Every three months,Male,1167
Yes,Yes,No,Yes,Yes,Yes,Yes,Yes,No,No,No,+4,33,Once a month,Male,1168
Yes,Yes,No,Yes,No,No,Yes,Yes,No,Yes,No,I love it!+5,37,Once a week,Female,1169
Yes,Yes,No,Yes,Yes,Yes,No,No,No,No,No,+1,57,Every three months,Male,1170
No,No,No,Yes,Yes,Yes,Yes,No,No,No,Yes,I hate it!-5,53,Never,Female,1171
Yes,Yes,No,Yes,No,Yes,No,Yes,No,Yes,No,+3,46,More than once a week,Female,1172
No,Yes,No,Yes,Yes,Yes,No,Yes,Yes,No,Yes,0,62,Every three months,Male,1173
Yes,Yes,No,Yes,No,Yes,Yes,Yes,No,No,No,I love it!+5,53,Once a month,Female,1174
No,Yes,No,Yes,No,Yes,Yes,No,No,No,Yes,-1,53,Once a year,Male,1175
Yes,Yes,No,Yes,Yes,Yes,Yes,Yes,No,Yes,No,+4,35,Once a month,Female,1176
No,Yes,No,No,Yes,Yes,No,No,Yes,No,Yes,-3,52,Once a year,Male,1177
Yes,Yes,No,Yes,Yes,Yes,Yes,Yes,No,No,No,+3,23,Once a month,Female,1178
No,Yes,No,Yes,Yes,Yes,No,No,Yes,No,Yes,0,57,Never,Female,1179
Yes,No,No,Yes,Yes,Yes,No,Yes,Yes,No,No,+4,29,Once a week,Female,1180
Yes,Yes,Yes,Yes,Yes,Yes,No,Yes,Yes,Yes,No,0,35,Once a year,Female,1181
No,No,No,Yes,Yes,Yes,No,No,Yes,No,Yes,-4,44,Every three months,Male,1182
No,Yes,No,Yes,Yes,No,Yes,No,No,No,Yes,I hate it!-5,57,Every three months,Female,1183
Yes,Yes,No,Yes,No,Yes,No,Yes,Yes,No,No,+4,49,Once a month,Male,1184
Yes,Yes,Yes,No,No,Yes,Yes,Yes,No,Yes,No,+4,63,Once a month,Male,1185
Yes,Yes,No,Yes,Yes,Yes,Yes,Yes,No,No,No,+4,50,Once a week,Male,1186
Yes,Yes,No,Yes,Yes,Yes,Yes,Yes,No,No,No,+3,69,Once a month,Male,1187
Yes,Yes,No,No,No,Yes,No,Yes,Yes,Yes,No,I love it!+5,55,Once a week,Male,1188
No,Yes,No,No,No,Yes,Yes,No,No,No,No,+2,44,Once a week,Female,1189
No,Yes,No,Yes,No,Yes,Yes,No,No,Yes,No,+1,65,Once a year,Female,1190
Yes,Yes,No,Yes,Yes,No,No,Yes,Yes,No,Yes,+3,30,Every three months,Female,1191
No,Yes,No,Yes,No,Yes,No,No,No,No,No,-2,70,Once a year,Female,1192
No,No,No,Yes,Yes,No,No,No,Yes,No,Yes,-2,67,Every three months,Female,1193
No,Yes,Yes,Yes,Yes,Yes,No,Yes,Yes,No,No,0,60,Every three months,Male,1194
Yes,Yes,No,Yes,Yes,Yes,No,Yes,Yes,No,No,+2,31,Every three months,Female,1195
Yes,Yes,No,Yes,Yes,Yes,Yes,Yes,No,Yes,No,+3,50,Once a week,Female,1196
No,Yes,No,Yes,Yes,Yes,No,No,Yes,No,Yes,I hate it!-5,66,Once a year,Female,1197
Yes,Yes,No,Yes,Yes,Yes,Yes,Yes,No,Yes,No,+3,24,Once a month,Male,1198
Yes,Yes,No,Yes,Yes,Yes,No,No,No,No,No,+3,50,Once a month,Female,1199
Yes,Yes,No,Yes,No,Yes,Yes,Yes,No,No,No,0,42,Once a week,Female,1200
Yes,Yes,No,Yes,Yes,Yes,Yes,Yes,No,Yes,No,I love it!+5,23,Once a week,Female,1201
Yes,Yes,No,Yes,Yes,Yes,No,Yes,Yes,No,No,+3,24,Once a month,Female,1202
Yes,Yes,No,Yes,No,Yes,Yes,Yes,No,No,No,+3,57,Once a month,Male,1203
No,Yes,No,Yes,No,Yes,No,No,Yes,No,No,I hate it!-5,64,Never,Male,1204
No,No,No,No,No,Yes,Yes,Yes,No,No,No,+1,63,Once a month,Female,1205
Yes,Yes,Yes,Yes,Yes,Yes,Yes,Yes,No,No,Yes,-1,62,Once a year,Female,1206
Yes,Yes,No,Yes,Yes,Yes,No,Yes,Yes,No,No,I love it!+5,19,Once a week,Female,1207
Yes,Yes,No,Yes,No,Yes,No,Yes,Yes,No,No,I love it!+5,22,Every three months,Female,1208
Yes,Yes,No,Yes,Yes,No,Yes,Yes,No,No,Yes,+1,20,Every three months,Female,1209
Yes,Yes,No,Yes,No,Yes,Yes,Yes,No,No,No,+1,32,Once a month,Female,1210
Yes,Yes,No,Yes,No,Yes,Yes,Yes,No,Yes,No,+2,22,Every three months,Female,1211
No,Yes,No,Yes,Yes,Yes,No,No,Yes,No,Yes,-2,28,Once a year,Female,1212
Yes,Yes,No,No,No,Yes,Yes,Yes,No,Yes,Yes,+4,47,Once a month,Female,1213
No,Yes,No,Yes,No,Yes,Yes,No,No,No,No,0,63,Once a month,Male,1214
Yes,Yes,No,Yes,Yes,Yes,No,Yes,Yes,Yes,Yes,-4,44,Every three months,Male,1215
Yes,Yes,No,Yes,Yes,Yes,No,Yes,No,No,No,+1,27,Once a year,Female,1216
No,Yes,No,Yes,Yes,Yes,Yes,No,No,No,No,-2,22,Once a month,Male,1217
No,Yes,No,Yes,Yes,Yes,Yes,Yes,No,No,No,-2,66,Never,Female,1218
No,Yes,No,Yes,Yes,Yes,Yes,Yes,No,No,No,+1,68,Every three months,Male,1219
No,Yes,Yes,Yes,Yes,Yes,Yes,Yes,Yes,No,Yes,I hate it!-5,59,Never,Male,1220
Yes,Yes,No,Yes,Yes,No,Yes,Yes,No,No,No,+3,20,Once a month,Female,1221
Yes,Yes,No,Yes,Yes,Yes,No,Yes,Yes,No,No,+3,39,Once a week,Female,1222
No,Yes,No,Yes,Yes,Yes,Yes,No,No,No,Yes,0,24,Every three months,Female,1223
No,Yes,No,Yes,No,Yes,Yes,No,No,No,No,+3,49,Once a week,Male,1224
No,Yes,No,Yes,Yes,No,No,No,Yes,No,Yes,-1,42,Every three months,Male,1225
Yes,Yes,No,Yes,Yes,Yes,Yes,Yes,No,No,No,+4,20,Every three months,Female,1226
No,No,No,Yes,Yes,No,No,No,Yes,No,Yes,I hate it!-5,27,Once a year,Female,1227
No,Yes,No,Yes,Yes,Yes,Yes,No,No,No,Yes,-3,22,Never,Female,1228
No,Yes,No,Yes,Yes,Yes,Yes,No,No,No,Yes,I hate it!-5,26,Once a year,Male,1229
Yes,Yes,Yes,No,No,Yes,Yes,Yes,No,Yes,No,+4,58,Once a week,Male,1230
No,No,No,Yes,Yes,No,No,No,Yes,No,Yes,I hate it!-5,35,Once a year,Male,1231
No,Yes,No,Yes,Yes,Yes,Yes,Yes,No,No,No,0,28,Once a week,Male,1232
No,Yes,No,Yes,Yes,Yes,Yes,No,No,No,No,-4,60,Never,Female,1233
No,Yes,No,Yes,Yes,Yes,No,No,No,No,No,I hate it!-5,61,Every three months,Female,1234
Yes,Yes,No,Yes,No,Yes,No,Yes,Yes,No,No,+3,59,Once a month,Male,1235
No,Yes,No,Yes,Yes,Yes,Yes,No,No,No,No,+1,64,Every three months,Female,1236
No,Yes,No,Yes,Yes,Yes,No,Yes,Yes,No,Yes,0,19,Never,Female,1237
No,Yes,Yes,No,No,Yes,Yes,Yes,No,No,No,-2,69,Every three months,Female,1238
No,Yes,No,No,Yes,Yes,No,Yes,No,No,No,+2,44,Once a month,Male,1239
Yes,Yes,No,Yes,Yes,Yes,Yes,Yes,No,No,No,+2,29,Once a week,Female,1240
No,Yes,No,Yes,Yes,Yes,Yes,No,No,No,No,0,27,Every three months,Male,1241
Yes,Yes,No,Yes,Yes,Yes,Yes,Yes,No,No,Yes,I love it!+5,26,Every three months,Male,1242
No,Yes,No,Yes,Yes,Yes,Yes,No,No,No,No,-1,59,Once a year,Female,1243
Yes,Yes,No,Yes,Yes,Yes,No,No,Yes,No,No,-3,40,Once a year,Male,1244
Yes,Yes,No,Yes,No,Yes,Yes,Yes,Yes,No,Yes,I love it!+5,32,Once a year,Male,1245
No,Yes,No,No,No,Yes,Yes,No,No,No,Yes,-3,49,Every three months,Female,1246
Yes,Yes,No,Yes,No,No,No,Yes,Yes,No,No,+2,58,Every three months,Male,1247
Yes,Yes,No,Yes,No,Yes,Yes,Yes,No,Yes,No,I love it!+5,44,Once a week,Female,1248
No,Yes,No,Yes,No,Yes,No,No,No,No,Yes,-2,54,Every three months,Male,1249
Yes,Yes,No,Yes,Yes,Yes,Yes,Yes,No,No,No,+1,31,Once a week,Female,1250
Yes,Yes,No,Yes,No,Yes,Yes,Yes,No,No,No,0,45,Every three months,Female,1251
No,Yes,No,Yes,No,Yes,Yes,Yes,No,No,No,+1,50,Every three months,Male,1252
Yes,Yes,No,Yes,Yes,Yes,No,Yes,Yes,No,No,+1,23,Once a month,Male,1253
No,Yes,No,Yes,No,Yes,No,No,Yes,No,Yes,-3,45,Once a year,Female,1254
No,Yes,No,No,Yes,Yes,No,Yes,Yes,No,No,+3,30,Once a week,Male,1255
Yes,Yes,No,Yes,Yes,Yes,Yes,Yes,No,No,Yes,I love it!+5,31,Every three months,Male,1256
No,Yes,No,Yes,Yes,Yes,Yes,Yes,No,No,Yes,+2,40,Every three months,Female,1257
Yes,Yes,No,No,No,Yes,Yes,Yes,No,Yes,No,+4,63,Once a month,Male,1258
Yes,Yes,No,Yes,No,Yes,Yes,Yes,No,Yes,No,+3,62,Every three months,Female,1259
Yes,Yes,No,Yes,Yes,Yes,No,Yes,Yes,No,No,I love it!+5,22,More than once a week,Male,1260
Yes,Yes,No,No,No,Yes,Yes,Yes,No,Yes,No,+3,45,Once a month,Female,1261
Yes,Yes,Yes,Yes,Yes,Yes,No,Yes,Yes,No,No,0,54,Every three months,Female,1262
No,No,No,No,No,No,No,No,No,No,No,I hate it!-5,70,Never,Female,1263
Yes,Yes,No,Yes,Yes,Yes,Yes,Yes,No,No,Yes,0,40,Once a month,Male,1264
No,Yes,No,Yes,Yes,Yes,Yes,No,No,No,No,-1,43,Every three months,Male,1265
Yes,Yes,No,Yes,Yes,Yes,No,Yes,Yes,Yes,No,+2,43,Once a week,Male,1266
No,Yes,No,Yes,Yes,Yes,No,Yes,Yes,No,Yes,-2,47,Once a year,Female,1267
No,Yes,No,Yes,Yes,Yes,Yes,No,No,No,No,-4,29,Once a year,Female,1268
Yes,Yes,No,Yes,Yes,Yes,Yes,Yes,No,No,No,+4,66,Once a week,Female,1269
No,Yes,No,Yes,Yes,Yes,No,No,Yes,No,Yes,-1,22,Every three months,Male,1270
Yes,Yes,No,No,No,Yes,Yes,Yes,No,Yes,No,+3,64,Every three months,Female,1271
Yes,Yes,No,Yes,Yes,Yes,No,Yes,Yes,No,No,0,38,Once a month,Male,1272
Yes,Yes,No,No,No,No,No,No,No,No,No,-1,54,Every three months,Male,1273
No,No,No,Yes,Yes,Yes,No,No,Yes,No,Yes,I hate it!-5,42,Once a year,Male,1274
No,Yes,No,Yes,Yes,Yes,Yes,No,No,No,No,-4,68,Every three months,Female,1275
No,Yes,Yes,Yes,Yes,Yes,Yes,No,No,No,Yes,I hate it!-5,65,Never,Female,1276
Yes,Yes,No,Yes,Yes,Yes,Yes,Yes,No,Yes,No,+3,18,Once a month,Female,1277
No,Yes,No,Yes,No,Yes,Yes,Yes,No,No,No,+3,53,Every three months,Female,1278
Yes,Yes,No,Yes,No,Yes,No,Yes,Yes,No,No,+2,42,Once a month,Female,1279
Yes,Yes,No,Yes,No,Yes,No,Yes,No,No,No,I love it!+5,30,Once a month,Female,1280
Yes,Yes,No,Yes,No,Yes,Yes,Yes,No,Yes,No,+2,53,Once a year,Male,1281
Yes,Yes,No,Yes,Yes,Yes,Yes,Yes,No,No,No,+4,27,Once a month,Male,1282
Yes,Yes,No,Yes,Yes,Yes,Yes,Yes,No,No,No,+3,23,Once a week,Male,1283
No,No,No,No,No,No,No,No,Yes,No,Yes,I hate it!-5,40,Once a year,Male,1284
Yes,No,No,Yes,No,Yes,Yes,Yes,No,No,No,+3,60,Every three months,Male,1285
No,Yes,No,Yes,Yes,Yes,No,No,Yes,No,No,0,59,Once a week,Male,1286
No,No,No,Yes,Yes,No,No,No,Yes,No,Yes,-3,49,Once a month,Male,1287
No,Yes,No,Yes,Yes,Yes,No,No,Yes,No,Yes,0,44,Once a month,Male,1288
No,No,No,Yes,Yes,Yes,No,No,Yes,No,Yes,-4,62,Never,Male,1289
Yes,Yes,No,Yes,No,Yes,No,Yes,Yes,No,No,0,37,Once a month,Female,1290
Yes,Yes,No,Yes,Yes,Yes,Yes,Yes,No,No,No,+3,26,Once a month,Female,1291
No,Yes,No,Yes,Yes,Yes,Yes,Yes,No,No,Yes,-4,58,Once a year,Female,1292
Yes,Yes,No,Yes,Yes,No,No,Yes,Yes,Yes,No,I love it!+5,30,Once a week,Female,1293
No,Yes,No,Yes,Yes,Yes,Yes,No,No,No,No,+1,51,Every three months,Female,1294
No,Yes,No,Yes,No,Yes,No,No,Yes,No,No,+3,60,Once a month,Male,1295
Yes,Yes,No,Yes,No,No,No,Yes,Yes,No,No,+3,35,Once a month,Female,1296
Yes,Yes,Yes,Yes,No,Yes,Yes,Yes,No,No,No,+2,60,Once a week,Female,1297
No,Yes,No,Yes,No,Yes,Yes,No,No,No,No,I hate it!-5,65,Once a year,Female,1298
No,Yes,No,Yes,No,Yes,Yes,Yes,No,No,No,+2,58,Every three months,Female,1299
No,No,No,Yes,Yes,Yes,Yes,No,No,No,Yes,I hate it!-5,49,Never,Male,1300
Yes,Yes,No,Yes,Yes,Yes,Yes,Yes,No,No,No,+1,58,Every three months,Female,1301
Yes,Yes,No,Yes,Yes,No,Yes,Yes,No,No,No,+3,26,Every three months,Female,1302
Yes,Yes,No,Yes,Yes,Yes,Yes,No,No,No,No,0,59,Every three months,Male,1303
Yes,Yes,Yes,Yes,Yes,Yes,No,Yes,No,No,Yes,-1,28,Once a month,Female,1304
No,Yes,No,Yes,Yes,Yes,No,Yes,No,No,No,+1,24,Every three months,Female,1305
Yes,Yes,No,Yes,Yes,Yes,No,Yes,Yes,No,No,+3,36,More than once a week,Male,1306
No,No,Yes,Yes,Yes,No,Yes,No,No,Yes,Yes,I hate it!-5,66,Once a year,Male,1307
No,Yes,No,No,No,Yes,Yes,No,No,No,No,0,58,Every three months,Male,1308
No,Yes,No,Yes,Yes,Yes,Yes,Yes,No,No,No,-1,31,Once a month,Female,1309
Yes,Yes,No,Yes,No,Yes,Yes,Yes,No,No,No,+4,27,More than once a week,Male,1310
Yes,Yes,No,Yes,Yes,Yes,Yes,Yes,Yes,No,Yes,+4,20,Once a week,Male,1311
Yes,Yes,No,No,No,Yes,No,Yes,Yes,Yes,No,I love it!+5,37,Once a week,Male,1312
Yes,Yes,No,Yes,No,Yes,Yes,Yes,No,No,No,+1,34,Once a month,Female,1313
No,No,No,Yes,Yes,Yes,Yes,No,No,No,Yes,I hate it!-5,47,Never,Male,1314
Yes,Yes,No,Yes,Yes,Yes,Yes,Yes,No,No,No,+4,25,Every three months,Female,1315
No,Yes,Yes,Yes,Yes,Yes,No,Yes,Yes,No,Yes,I hate it!-5,67,Once a year,Male,1316
Yes,Yes,No,No,No,No,Yes,Yes,No,No,No,+4,57,Once a month,Female,1317
Yes,Yes,No,Yes,No,Yes,Yes,Yes,No,No,No,+3,48,Once a week,Female,1318
Yes,Yes,No,No,No,Yes,Yes,Yes,No,Yes,No,+3,64,Once a month,Female,1319
No,Yes,No,Yes,Yes,Yes,No,No,Yes,No,Yes,I hate it!-5,38,Every three months,Female,1320
No,Yes,No,Yes,Yes,No,No,No,Yes,No,Yes,-3,44,Once a year,Male,1321
Yes,Yes,No,Yes,No,Yes,Yes,Yes,No,No,No,+3,47,Once a month,Female,1322
No,Yes,No,Yes,Yes,Yes,Yes,Yes,Yes,No,No,-4,53,Every three months,Female,1323
Yes,Yes,Yes,No,No,Yes,Yes,Yes,No,No,No,I love it!+5,37,Once a month,Male,1324
Yes,No,No,Yes,Yes,Yes,No,Yes,Yes,No,No,I love it!+5,25,Every three months,Male,1325
No,Yes,No,Yes,No,Yes,No,Yes,Yes,No,No,+4,21,More than once a week,Male,1326
No,Yes,No,Yes,Yes,No,No,No,Yes,No,Yes,I hate it!-5,60,Never,Female,1327
No,Yes,No,Yes,No,Yes,No,No,Yes,Yes,No,-2,48,Once a year,Female,1328
No,Yes,No,Yes,Yes,Yes,No,No,Yes,No,No,-4,38,Once a year,Female,1329
Yes,Yes,No,Yes,Yes,Yes,No,Yes,Yes,No,No,+3,24,Once a month,Male,1330
No,Yes,No,Yes,Yes,Yes,No,No,Yes,No,No,+3,26,Once a month,Male,1331
Yes,Yes,No,Yes,Yes,Yes,No,Yes,Yes,No,No,+4,40,Once a week,Female,1332
Yes,Yes,No,Yes,No,Yes,No,Yes,Yes,No,No,+2,62,Once a month,Male,1333
Yes,Yes,No,Yes,No,Yes,Yes,Yes,No,No,No,+1,26,Every three months,Male,1334
No,Yes,No,Yes,No,Yes,Yes,Yes,No,No,No,0,65,Once a month,Female,1335
No,Yes,No,Yes,Yes,No,No,Yes,Yes,No,No,+2,50,Once a month,Male,1336
No,No,No,No,No,Yes,Yes,No,No,No,No,0,26,Never,Female,1337
No,Yes,No,Yes,Yes,Yes,Yes,No,No,No,No,-2,44,Every three months,Female,1338
No,Yes,No,Yes,No,Yes,No,No,No,No,No,0,48,Once a week,Male,1339
No,Yes,No,Yes,Yes,Yes,No,No,Yes,No,Yes,0,29,Once a month,Female,1340
No,Yes,No,Yes,Yes,Yes,No,No,No,No,No,-4,60,Once a year,Female,1341
Yes,Yes,Yes,Yes,No,Yes,Yes,Yes,No,Yes,No,I love it!+5,18,More than once a week,Male,1342
No,Yes,No,Yes,Yes,Yes,Yes,No,No,No,Yes,-3,37,Once a year,Female,1343
Yes,Yes,No,Yes,No,Yes,Yes,No,Yes,No,Yes,-3,55,Once a year,Female,1344
No,Yes,No,Yes,Yes,Yes,Yes,No,No,No,No,+2,39,Every three months,Female,1345
Yes,Yes,No,Yes,No,Yes,No,Yes,Yes,Yes,No,+4,55,Once a month,Male,1346
Yes,Yes,Yes,Yes,Yes,Yes,Yes,Yes,No,No,No,+1,18,Every three months,Male,1347
Yes,Yes,No,Yes,No,Yes,No,Yes,Yes,No,No,I love it!+5,21,Once a week,Female,1348
Yes,Yes,No,Yes,No,Yes,No,Yes,Yes,Yes,No,+2,31,Once a month,Male,1349
Yes,Yes,No,Yes,No,Yes,Yes,Yes,No,Yes,No,+3,28,Once a month,Female,1350
Yes,Yes,No,Yes,Yes,Yes,No,Yes,Yes,No,No,+4,39,Once a month,Male,1351
No,Yes,No,Yes,No,Yes,Yes,Yes,No,No,No,+1,51,Every three months,Male,1352
Yes,Yes,No,Yes,Yes,Yes,Yes,Yes,No,Yes,No,I love it!+5,18,Once a week,Female,1353
No,Yes,No,Yes,No,Yes,Yes,No,No,No,Yes,I hate it!-5,44,Never,Female,1354
No,Yes,Yes,Yes,Yes,Yes,Yes,No,No,No,Yes,-4,66,Never,Male,1355
No,Yes,No,Yes,Yes,Yes,Yes,No,No,No,Yes,-3,34,Once a year,Female,1356
Yes,Yes,No,Yes,No,Yes,Yes,Yes,No,No,No,+1,53,Every three months,Female,1357
No,No,No,Yes,Yes,Yes,No,No,Yes,No,No,-3,42,Once a year,Male,1358
Yes,Yes,No,Yes,Yes,Yes,Yes,Yes,No,No,No,+3,38,Every three months,Female,1359
Yes,Yes,No,Yes,Yes,Yes,Yes,Yes,No,No,No,+3,29,Once a month,Female,1360
No,Yes,No,Yes,Yes,Yes,No,Yes,No,No,No,0,57,Every three months,Male,1361
Yes,Yes,No,Yes,No,Yes,Yes,Yes,Yes,Yes,No,I love it!+5,26,Once a week,Male,1362
Yes,Yes,No,Yes,No,Yes,No,Yes,Yes,No,No,+3,30,Once a week,Female,1363
No,Yes,No,Yes,No,Yes,Yes,Yes,No,No,Yes,+1,46,Every three months,Male,1364
No,Yes,No,Yes,No,Yes,Yes,No,No,No,No,0,61,Every three months,Male,1365
Yes,Yes,No,Yes,No,Yes,Yes,Yes,No,No,No,0,39,Once a week,Male,1366
Yes,Yes,No,Yes,No,Yes,Yes,Yes,No,No,No,+3,62,Every three months,Male,1367
Yes,Yes,No,Yes,No,Yes,Yes,Yes,Yes,Yes,No,+4,43,Once a month,Female,1368
Yes,Yes,No,Yes,Yes,Yes,Yes,Yes,No,No,No,+3,36,Once a month,Female,1369
Yes,Yes,No,No,Yes,Yes,Yes,Yes,No,No,No,+3,60,Every three months,Female,1370
No,Yes,No,Yes,No,Yes,Yes,No,No,No,No,-4,54,Once a year,Female,1371
No,Yes,No,Yes,No,Yes,Yes,Yes,No,No,No,0,48,Once a week,Male,1372
Yes,Yes,No,Yes,Yes,Yes,Yes,Yes,No,No,No,+2,20,Once a month,Male,1373
Yes,Yes,No,Yes,Yes,Yes,Yes,Yes,No,No,No,+2,27,Once a month,Female,1374
No,Yes,No,Yes,No,Yes,Yes,Yes,No,No,No,-1,68,Once a month,Female,1375
No,Yes,No,Yes,Yes,Yes,Yes,Yes,No,No,No,-1,70,Once a month,Male,1376
Yes,Yes,No,Yes,Yes,Yes,Yes,Yes,No,No,No,+3,28,Once a month,Female,1377
No,Yes,No,Yes,Yes,Yes,Yes,No,No,No,Yes,I hate it!-5,59,Never,Female,1378
No,Yes,No,No,No,Yes,Yes,No,No,No,No,-2,45,Once a year,Male,1379
Yes,Yes,No,No,No,Yes,No,Yes,Yes,Yes,No,+2,67,Every three months,Male,1380
Yes,Yes,No,Yes,Yes,Yes,No,No,Yes,No,Yes,+3,26,Once a week,Female,1381
No,No,No,Yes,Yes,Yes,No,No,Yes,No,Yes,I hate it!-5,42,Never,Male,1382
No,Yes,No,No,No,Yes,Yes,No,No,No,No,+4,55,Once a week,Male,1383
No,Yes,No,Yes,Yes,Yes,No,No,No,No,Yes,-2,30,Once a year,Female,1384
Yes,Yes,No,No,No,Yes,No,Yes,No,Yes,No,I love it!+5,33,Once a week,Male,1385
No,Yes,No,Yes,No,Yes,Yes,No,No,No,No,-3,60,Every three months,Female,1386
Yes,Yes,No,Yes,No,Yes,Yes,Yes,No,No,No,+3,57,Once a month,Female,1387
No,Yes,No,Yes,Yes,Yes,Yes,Yes,No,No,No,0,44,Once a month,Male,1388
Yes,Yes,Yes,Yes,No,Yes,Yes,Yes,No,No,No,+4,59,Every three months,Female,1389
No,No,No,Yes,Yes,Yes,Yes,No,No,No,Yes,I hate it!-5,35,Never,Male,1390
No,Yes,No,Yes,Yes,Yes,Yes,No,No,No,No,+1,60,Once a year,Male,1391
No,Yes,No,Yes,Yes,Yes,Yes,No,No,Yes,Yes,I hate it!-5,67,Never,Female,1392
Yes,Yes,No,Yes,Yes,Yes,Yes,Yes,No,No,No,+4,29,Once a week,Female,1393
Yes,Yes,No,Yes,Yes,Yes,Yes,Yes,No,No,No,+4,22,Once a month,Female,1394
Yes,No,No,No,No,Yes,No,Yes,No,No,No,+4,54,Once a year,Female,1395
Yes,Yes,No,Yes,No,Yes,No,Yes,Yes,Yes,No,+3,21,More than once a week,Female,1396
No,Yes,Yes,No,No,Yes,No,Yes,No,No,No,+4,62,Once a month,Female,1397
No,Yes,No,Yes,Yes,Yes,Yes,No,No,No,Yes,I hate it!-5,53,Never,Male,1398
No,Yes,No,Yes,Yes,Yes,No,No,Yes,No,Yes,-4,37,Once a year,Female,1399
Yes,Yes,No,Yes,Yes,Yes,Yes,Yes,No,Yes,No,I love it!+5,44,Once a week,Female,1400
No,Yes,No,Yes,Yes,Yes,Yes,No,No,No,Yes,I hate it!-5,52,Never,Female,1401
No,Yes,No,Yes,No,Yes,No,No,Yes,No,No,+1,55,Every three months,Male,1402
No,Yes,No,Yes,Yes,Yes,No,No,No,No,Yes,-3,32,Once a year,Female,1403
No,No,No,Yes,Yes,No,No,No,Yes,No,Yes,I hate it!-5,32,Once a month,Female,1404
Yes,Yes,No,Yes,No,Yes,No,Yes,Yes,No,No,+2,47,Every three months,Male,1405
No,Yes,No,Yes,Yes,Yes,No,No,No,No,Yes,I hate it!-5,31,Once a year,Male,1406
No,Yes,No,Yes,No,Yes,No,Yes,Yes,No,No,+1,55,Once a year,Male,1407
No,Yes,No,Yes,Yes,Yes,No,No,Yes,Yes,No,-4,60,Once a year,Female,1408
Yes,Yes,No,Yes,No,Yes,No,Yes,Yes,No,No,I love it!+5,70,Once a week,Male,1409
Yes,Yes,No,Yes,No,No,Yes,Yes,No,No,No,+4,49,Once a year,Female,1410
Yes,Yes,No,Yes,Yes,Yes,Yes,Yes,No,No,No,+2,55,Once a year,Female,1411
No,No,No,Yes,Yes,Yes,Yes,No,No,No,No,-2,50,Every three months,Female,1412
Yes,Yes,No,Yes,No,Yes,Yes,Yes,No,No,No,+3,26,Once a month,Male,1413
No,Yes,No,Yes,No,Yes,Yes,No,No,No,Yes,-4,55,Once a year,Male,1414
No,Yes,No,Yes,Yes,Yes,No,Yes,Yes,No,Yes,-3,57,Every three months,Male,1415
No,Yes,No,Yes,Yes,Yes,Yes,No,No,No,No,-1,20,Once a month,Female,1416
Yes,Yes,No,Yes,No,Yes,No,Yes,Yes,Yes,No,+4,46,Once a month,Female,1417
No,No,No,Yes,Yes,Yes,Yes,No,No,No,Yes,I hate it!-5,62,Never,Female,1418
No,Yes,No,Yes,Yes,Yes,Yes,No,No,No,Yes,0,59,Every three months,Female,1419
Yes,Yes,No,Yes,No,Yes,Yes,Yes,No,No,No,+3,53,Once a month,Female,1420
Yes,Yes,No,Yes,Yes,Yes,Yes,Yes,No,No,No,+3,57,Every three months,Female,1421
Yes,Yes,No,Yes,No,Yes,Yes,Yes,No,No,No,+1,59,Every three months,Female,1422
Yes,Yes,No,Yes,No,Yes,Yes,Yes,No,No,No,+3,41,Once a month,Male,1423
No,Yes,No,Yes,No,Yes,Yes,No,No,No,No,+1,36,Once a month,Male,1424
Yes,Yes,No,Yes,No,Yes,Yes,Yes,No,No,No,+4,57,Once a month,Male,1425
Yes,No,No,No,No,Yes,Yes,Yes,No,No,No,I love it!+5,33,Once a month,Female,1426
No,Yes,No,Yes,No,Yes,No,No,Yes,Yes,No,+3,38,Once a month,Female,1427
No,Yes,No,Yes,Yes,Yes,Yes,Yes,No,No,No,+1,37,Every three months,Male,1428
Yes,Yes,No,Yes,Yes,No,Yes,Yes,No,No,No,+4,25,More than once a week,Male,1429
No,Yes,No,Yes,Yes,Yes,Yes,No,Yes,No,Yes,-3,42,Once a week,Male,1430
Yes,Yes,No,Yes,No,Yes,No,Yes,Yes,No,No,+3,55,Every three months,Female,1431
No,Yes,No,Yes,Yes,Yes,Yes,No,No,No,No,+2,21,Once a week,Male,1432
No,No,No,No,No,No,No,No,Yes,No,Yes,I hate it!-5,44,Once a year,Male,1433
Yes,Yes,No,Yes,Yes,Yes,Yes,Yes,No,No,Yes,+4,41,Once a week,Male,1434
No,Yes,No,Yes,Yes,Yes,Yes,No,No,No,Yes,I hate it!-5,25,Never,Male,1435
Yes,Yes,No,Yes,Yes,Yes,No,Yes,Yes,No,No,I love it!+5,24,Once a month,Male,1436
Yes,Yes,No,Yes,No,Yes,Yes,Yes,No,Yes,No,+4,61,Every three months,Female,1437
Yes,Yes,No,Yes,Yes,Yes,No,Yes,Yes,No,No,+3,27,Once a month,Female,1438
Yes,Yes,Yes,Yes,Yes,No,Yes,Yes,No,Yes,Yes,+1,61,Once a month,Male,1439
Yes,Yes,No,No,No,Yes,Yes,Yes,No,No,No,+3,55,Once a month,Female,1440
Yes,Yes,No,Yes,Yes,Yes,No,Yes,Yes,No,No,I love it!+5,29,Once a week,Male,1441
Yes,Yes,No,No,Yes,Yes,Yes,Yes,No,No,No,+4,31,Once a month,Male,1442
Yes,Yes,No,Yes,No,Yes,Yes,Yes,No,No,No,+2,50,Once a year,Female,1443
No,Yes,No,Yes,Yes,Yes,Yes,No,No,Yes,No,-3,55,Never,Male,1444
No,Yes,No,Yes,Yes,Yes,Yes,Yes,No,No,Yes,+1,18,Once a month,Female,1445
Yes,Yes,No,Yes,Yes,Yes,Yes,Yes,No,Yes,No,+1,52,Every three months,Female,1446
No,Yes,No,Yes,Yes,No,No,Yes,Yes,No,No,0,43,Once a month,Male,1447
No,Yes,No,Yes,Yes,No,No,No,Yes,No,Yes,I hate it!-5,47,Once a year,Male,1448
Yes,Yes,No,Yes,No,No,Yes,Yes,No,Yes,No,+2,36,Once a week,Female,1449
Yes,Yes,No,Yes,No,Yes,No,Yes,Yes,No,No,+3,52,Once a month,Female,1450
Yes,Yes,No,No,No,Yes,Yes,Yes,No,Yes,No,+4,41,Every three months,Male,1451
No,Yes,No,Yes,Yes,No,No,No,Yes,No,Yes,-3,30,Every three months,Male,1452
